index,timestamp,well,name,value
2700,03/06/2025 15:49:29,3,Input : Substrate,"Rack 2x4 20mL Vial, Deck 10-11 Position 2, 1, 1"
2714,03/06/2025 15:49:29,3,Input : Substrate,"Rack 2x4 20mL Vial, Deck 10-11 Position 2, 1, 1"
2775,03/06/2025 15:49:29,3,Input : Substrate,"Rack 2x4 20mL Vial, Deck 10-11 Position 2, 1, 1"
2822,03/06/2025 15:49:29,3,Input : Substrate,"Rack 2x4 20mL Vial, Deck 10-11 Position 2, 1, 1"
2923,03/06/2025 15:49:35,3,Input : Substrate,"Rack 2x4 20mL Vial, Deck 10-11 Position 2, 1, 1"
2970,03/06/2025 15:49:35,3,Input : Substrate,"Rack 2x4 20mL Vial, Deck 10-11 Position 2, 1, 1"
3000,03/06/2025 15:49:37,3,Input : Substrate,"Rack 2x4 20mL Vial, Deck 10-11 Position 2, 1, 1"
3047,03/06/2025 15:49:37,3,Input : Substrate,"Rack 2x4 20mL Vial, Deck 10-11 Position 2, 1, 1"
3151,03/06/2025 15:50:03,3,Input : Substrate,"Rack 2x4 20mL Vial, Deck 10-11 Position 2, 1, 1"
3198,03/06/2025 15:50:04,3,Input : Substrate,"Rack 2x4 20mL Vial, Deck 10-11 Position 2, 1, 1"
3232,03/06/2025 15:50:08,3,Input : Substrate,"Rack 2x4 20mL Vial, Deck 10-11 Position 2, 1, 1"
3279,03/06/2025 15:50:09,3,Input : Substrate,"Rack 2x4 20mL Vial, Deck 10-11 Position 2, 1, 1"
3559,03/06/2025 15:50:12,3,Input : Substrate,"Rack 3x4 six Kaufmann H-cells, Deck 12-13 Heat-Cool-Stir 1, 1, 3"
3582,03/06/2025 15:50:12,3,Input : Substrate,"Rack 3x4 six Kaufmann H-cells, Deck 12-13 Heat-Cool-Stir 1, 1, 3"
3605,03/06/2025 15:50:12,3,Input : Substrate,"Rack 3x4 six Kaufmann H-cells, Deck 12-13 Heat-Cool-Stir 1, 1, 3"
3652,03/06/2025 15:50:12,3,Input : Substrate,"Rack 3x4 six Kaufmann H-cells, Deck 12-13 Heat-Cool-Stir 1, 1, 3"
3695,03/06/2025 15:50:17,3,Input : Substrate,"Rack 3x4 six Kaufmann H-cells, Deck 12-13 Heat-Cool-Stir 1, 1, 3"
3742,03/06/2025 15:50:17,3,Input : Substrate,"Rack 3x4 six Kaufmann H-cells, Deck 12-13 Heat-Cool-Stir 1, 1, 3"
3776,03/06/2025 15:50:25,3,Output : Volume Dispensed,1000
3799,03/06/2025 15:50:29,3,Input : Substrate,"Rack 3x4 six Kaufmann H-cells, Deck 12-13 Heat-Cool-Stir 1, 1, 3"
3846,03/06/2025 15:50:29,3,Input : Substrate,"Rack 3x4 six Kaufmann H-cells, Deck 12-13 Heat-Cool-Stir 1, 1, 3"
5237,03/06/2025 15:51:14,7,Input : Substrate,"Rack 2x4 20mL Vial, Deck 10-11 Position 2, 1, 2"
5251,03/06/2025 15:51:14,7,Input : Substrate,"Rack 2x4 20mL Vial, Deck 10-11 Position 2, 1, 2"
5312,03/06/2025 15:51:14,7,Input : Substrate,"Rack 2x4 20mL Vial, Deck 10-11 Position 2, 1, 2"
5359,03/06/2025 15:51:14,7,Input : Substrate,"Rack 2x4 20mL Vial, Deck 10-11 Position 2, 1, 2"
5460,03/06/2025 15:51:20,7,Input : Substrate,"Rack 2x4 20mL Vial, Deck 10-11 Position 2, 1, 2"
5507,03/06/2025 15:51:20,7,Input : Substrate,"Rack 2x4 20mL Vial, Deck 10-11 Position 2, 1, 2"
5537,03/06/2025 15:51:22,7,Input : Substrate,"Rack 2x4 20mL Vial, Deck 10-11 Position 2, 1, 2"
5584,03/06/2025 15:51:22,7,Input : Substrate,"Rack 2x4 20mL Vial, Deck 10-11 Position 2, 1, 2"
5688,03/06/2025 15:51:48,7,Input : Substrate,"Rack 2x4 20mL Vial, Deck 10-11 Position 2, 1, 2"
5735,03/06/2025 15:51:48,7,Input : Substrate,"Rack 2x4 20mL Vial, Deck 10-11 Position 2, 1, 2"
5769,03/06/2025 15:51:53,7,Input : Substrate,"Rack 2x4 20mL Vial, Deck 10-11 Position 2, 1, 2"
5816,03/06/2025 15:51:53,7,Input : Substrate,"Rack 2x4 20mL Vial, Deck 10-11 Position 2, 1, 2"
6096,03/06/2025 15:51:57,7,Input : Substrate,"Rack 3x4 six Kaufmann H-cells, Deck 12-13 Heat-Cool-Stir 1, 2, 3"
6119,03/06/2025 15:51:57,7,Input : Substrate,"Rack 3x4 six Kaufmann H-cells, Deck 12-13 Heat-Cool-Stir 1, 2, 3"
6142,03/06/2025 15:51:57,7,Input : Substrate,"Rack 3x4 six Kaufmann H-cells, Deck 12-13 Heat-Cool-Stir 1, 2, 3"
6189,03/06/2025 15:51:57,7,Input : Substrate,"Rack 3x4 six Kaufmann H-cells, Deck 12-13 Heat-Cool-Stir 1, 2, 3"
6232,03/06/2025 15:52:01,7,Input : Substrate,"Rack 3x4 six Kaufmann H-cells, Deck 12-13 Heat-Cool-Stir 1, 2, 3"
6279,03/06/2025 15:52:02,7,Input : Substrate,"Rack 3x4 six Kaufmann H-cells, Deck 12-13 Heat-Cool-Stir 1, 2, 3"
6313,03/06/2025 15:52:10,7,Output : Volume Dispensed,1000
6336,03/06/2025 15:52:14,7,Input : Substrate,"Rack 3x4 six Kaufmann H-cells, Deck 12-13 Heat-Cool-Stir 1, 2, 3"
6383,03/06/2025 15:52:14,7,Input : Substrate,"Rack 3x4 six Kaufmann H-cells, Deck 12-13 Heat-Cool-Stir 1, 2, 3"
