{
    "solvent": {
        "composition": {
            "solvent": 1.0
        },
        "constitution": {},
        "volume": 0,
        "timestamp": "",
        "parents": [],
        "parent_volumes": [],
        "type": "solvent",
        "container": "",
        "name": "solvent"
    },
    "source1:A1": {
        "composition": {
            "mixture1": 1.0
        },
        "constitution": {
            "Na": 20.0,
            "Y": 5
        },
        "volume": 0,
        "timestamp": "",
        "parents": [],
        "parent_volumes": [],
        "type": "source",
        "container": "",
        "name": "mixture1"
    },
    "source1:A2": {
        "composition": {
            "mixture2": 1.0
        },
        "constitution": {
            "K": 20.0,
            "Y": 5
        },
        "volume": 0,
        "timestamp": "",
        "parents": [],
        "parent_volumes": [],
        "type": "source",
        "container": "",
        "name": "mixture2"
    },
    "source1:A3": {
        "composition": {
            "mixture3": 1.0
        },
        "constitution": {
            "Mg": 20.0,
            "Y": 5
        },
        "volume": 0,
        "timestamp": "",
        "parents": [],
        "parent_volumes": [],
        "type": "source",
        "container": "",
        "name": "mixture3"
    },
    "source1:A4": {
        "composition": {
            "mixture4": 1.0
        },
        "constitution": {
            "Ca": 20.0,
            "Y": 5
        },
        "volume": 0,
        "timestamp": "",
        "parents": [],
        "parent_volumes": [],
        "type": "source",
        "container": "",
        "name": "mixture4"
    },
    "source1:B1": {
        "composition": {
            "mixture5": 1.0
        },
        "constitution": {
            "Mn": 20.0,
            "Y": 5
        },
        "volume": 0,
        "timestamp": "",
        "parents": [],
        "parent_volumes": [],
        "type": "source",
        "container": "",
        "name": "mixture5"
    },
    "source1:B2": {
        "composition": {
            "mixture6": 1.0
        },
        "constitution": {
            "Y": 20
        },
        "volume": 0,
        "timestamp": "",
        "parents": [],
        "parent_volumes": [],
        "type": "source",
        "container": "",
        "name": "mixture6"
    },
    "plate1:A1": {
        "composition": {
            "solvent": 0.9999990074822506,
            "mixture1": 9.925177493692942e-07
        },
        "constitution": {
            "Na": 1.9850354987385883e-05,
            "Y": 4.962588746846471e-06
        },
        "volume": 100000.1,
        "timestamp": "20250307_194202",
        "parents": [
            "solvent",
            "source1:A1",
            "solvent",
            "solvent",
            "solvent"
        ],
        "parent_volumes": [
            99251.87418375394,
            0.09925187418375393,
            248.75156374687373,
            249.37500062499936,
            250
        ],
        "type": "sample",
        "container": "glass vial",
        "name": ""
    },
    "plate1:A2": {
        "composition": {
            "solvent": 1.0
        },
        "constitution": {},
        "volume": 100000.0,
        "timestamp": "20250307_194201",
        "parents": [
            "solvent"
        ],
        "parent_volumes": [
            100000.0
        ],
        "type": "sample",
        "container": "glass vial",
        "name": ""
    },
    "plate1:A3": {
        "composition": {
            "solvent": 1.0
        },
        "constitution": {},
        "volume": 100000.0,
        "timestamp": "20250307_194201",
        "parents": [
            "solvent"
        ],
        "parent_volumes": [
            100000.0
        ],
        "type": "sample",
        "container": "glass vial",
        "name": ""
    },
    "plate1:A4": {
        "composition": {
            "solvent": 1.0
        },
        "constitution": {},
        "volume": 100000.0,
        "timestamp": "20250307_194201",
        "parents": [
            "solvent"
        ],
        "parent_volumes": [
            100000.0
        ],
        "type": "sample",
        "container": "glass vial",
        "name": ""
    },
    "plate1:B1": {
        "composition": {
            "solvent": 0.9999990074822506,
            "mixture2": 9.925177493692942e-07
        },
        "constitution": {
            "K": 1.9850354987385883e-05,
            "Y": 4.962588746846471e-06
        },
        "volume": 100000.1,
        "timestamp": "20250307_194202",
        "parents": [
            "solvent",
            "source1:A2",
            "solvent",
            "solvent",
            "solvent"
        ],
        "parent_volumes": [
            99251.87418375394,
            0.09925187418375393,
            248.75156374687373,
            249.37500062499936,
            250
        ],
        "type": "sample",
        "container": "glass vial",
        "name": ""
    },
    "plate1:B2": {
        "composition": {
            "solvent": 1.0
        },
        "constitution": {},
        "volume": 100000.0,
        "timestamp": "20250307_194201",
        "parents": [
            "solvent"
        ],
        "parent_volumes": [
            100000.0
        ],
        "type": "sample",
        "container": "glass vial",
        "name": ""
    },
    "plate1:B3": {
        "composition": {
            "solvent": 1.0
        },
        "constitution": {},
        "volume": 100000.0,
        "timestamp": "20250307_194201",
        "parents": [
            "solvent"
        ],
        "parent_volumes": [
            100000.0
        ],
        "type": "sample",
        "container": "glass vial",
        "name": ""
    },
    "plate1:B4": {
        "composition": {
            "solvent": 1.0
        },
        "constitution": {},
        "volume": 100000.0,
        "timestamp": "20250307_194201",
        "parents": [
            "solvent"
        ],
        "parent_volumes": [
            100000.0
        ],
        "type": "sample",
        "container": "glass vial",
        "name": ""
    },
    "plate1:C1": {
        "composition": {
            "solvent": 1.0
        },
        "constitution": {},
        "volume": 100000.0,
        "timestamp": "20250307_194201",
        "parents": [
            "solvent"
        ],
        "parent_volumes": [
            100000.0
        ],
        "type": "sample",
        "container": "glass vial",
        "name": ""
    },
    "plate1:C2": {
        "composition": {
            "solvent": 1.0
        },
        "constitution": {},
        "volume": 100000.0,
        "timestamp": "20250307_194201",
        "parents": [
            "solvent"
        ],
        "parent_volumes": [
            100000.0
        ],
        "type": "sample",
        "container": "glass vial",
        "name": ""
    },
    "plate1:C3": {
        "composition": {
            "solvent": 1.0
        },
        "constitution": {},
        "volume": 100000.0,
        "timestamp": "20250307_194201",
        "parents": [
            "solvent"
        ],
        "parent_volumes": [
            100000.0
        ],
        "type": "sample",
        "container": "glass vial",
        "name": ""
    },
    "plate1:C4": {
        "composition": {
            "solvent": 1.0
        },
        "constitution": {},
        "volume": 100000.0,
        "timestamp": "20250307_194201",
        "parents": [
            "solvent"
        ],
        "parent_volumes": [
            100000.0
        ],
        "type": "sample",
        "container": "glass vial",
        "name": ""
    },
    "ICP1:A1": {
        "composition": {
            "solvent": 0.999999909091,
            "mixture1": 9.090900000462522e-08
        },
        "constitution": {
            "Na": 1.8181800000925044e-06,
            "Y": 4.545450000231261e-07
        },
        "volume": 2750,
        "timestamp": "20250307_194201",
        "parents": [
            "plate1:A1",
            "solvent"
        ],
        "parent_volumes": [
            250,
            2500
        ],
        "type": "sample",
        "container": "ICP tube",
        "name": ""
    },
    "ICP1:A2": {
        "composition": {
            "solvent": 0.999999909091,
            "mixture2": 9.090900000462522e-08
        },
        "constitution": {
            "K": 1.8181800000925044e-06,
            "Y": 4.545450000231261e-07
        },
        "volume": 2750,
        "timestamp": "20250307_194201",
        "parents": [
            "plate1:B1",
            "solvent"
        ],
        "parent_volumes": [
            250,
            2500
        ],
        "type": "sample",
        "container": "ICP tube",
        "name": ""
    },
    "ICP1:A3": {
        "composition": {
            "solvent": 0.9999999093182722,
            "mixture1": 9.068172773188593e-08
        },
        "constitution": {
            "Na": 1.8136345546377185e-06,
            "Y": 4.534086386594296e-07
        },
        "volume": 2750,
        "timestamp": "20250307_194201",
        "parents": [
            "plate1:A1",
            "solvent"
        ],
        "parent_volumes": [
            250,
            2500
        ],
        "type": "sample",
        "container": "ICP tube",
        "name": ""
    },
    "ICP1:A4": {
        "composition": {
            "solvent": 0.9999999093182722,
            "mixture2": 9.068172773188593e-08
        },
        "constitution": {
            "K": 1.8136345546377185e-06,
            "Y": 4.534086386594296e-07
        },
        "volume": 2750,
        "timestamp": "20250307_194201",
        "parents": [
            "plate1:B1",
            "solvent"
        ],
        "parent_volumes": [
            250,
            2500
        ],
        "type": "sample",
        "container": "ICP tube",
        "name": ""
    },
    "ICP1:A5": {
        "composition": {
            "solvent": 0.9999999095449763,
            "mixture1": 9.045502363926031e-08
        },
        "constitution": {
            "Na": 1.8091004727852059e-06,
            "Y": 4.5227511819630147e-07
        },
        "volume": 2750,
        "timestamp": "20250307_194202",
        "parents": [
            "plate1:A1",
            "solvent"
        ],
        "parent_volumes": [
            250,
            2500
        ],
        "type": "sample",
        "container": "ICP tube",
        "name": ""
    },
    "ICP1:A6": {
        "composition": {
            "solvent": 0.9999999095449763,
            "mixture2": 9.045502363926031e-08
        },
        "constitution": {
            "K": 1.8091004727852059e-06,
            "Y": 4.5227511819630147e-07
        },
        "volume": 2750,
        "timestamp": "20250307_194202",
        "parents": [
            "plate1:B1",
            "solvent"
        ],
        "parent_volumes": [
            250,
            2500
        ],
        "type": "sample",
        "container": "ICP tube",
        "name": ""
    }
}