{
    "code": "1RQX0",
    "rack": {
        "name": "Rack 6x15 ICP robotic",
        "type": "ICP90",
        "instrument": "BK",
        "position": "Deck 16-17 Waste 1",
        "label": "",
        "code": null,
        "holder": null,
        "items": 90,
        "layout": "rectangular",
        "rows": 6,
        "columns": 15
    },
    "route": {
        "ready": "no",
        "type": "active",
        "priority": "clear",
        "route": [
            "UR5",
            "Storage",
            "UR5",
            "ICP",
            "UR5",
            "Trash"
        ],
        "step": 0,
        "datetimes": []
    },
    "creator": {
        "location": "BK",
        "position": "Deck 16-17 Waste 1",
        "ID": "ICP1",
        "protocol": 1088,
        "datetime": "2025-02-27 08:57:36.051077",
        "content": {
            "ICP1:A1": {
                "composition": {
                    "solvent": 0.9999999285715,
                    "mixture1": 7.14285000036341e-08
                },
                "constitution": {
                    "Na": 1.428570000072682e-06,
                    "Y": 3.571425000181705e-07
                },
                "volume": 3500,
                "timestamp": "20250227_085734",
                "parents": [
                    "plate1:A1",
                    "solvent"
                ],
                "parent_volumes": [
                    250,
                    3250
                ],
                "type": "analyte",
                "container": "ICP tube",
                "name": ""
            },
            "ICP1:A2": {
                "composition": {
                    "solvent": 0.9999999285715,
                    "mixture2": 7.14285000036341e-08
                },
                "constitution": {
                    "K": 1.428570000072682e-06,
                    "Y": 3.571425000181705e-07
                },
                "volume": 3500,
                "timestamp": "20250227_085734",
                "parents": [
                    "plate1:B1",
                    "solvent"
                ],
                "parent_volumes": [
                    250,
                    3250
                ],
                "type": "analyte",
                "container": "ICP tube",
                "name": ""
            },
            "ICP1:A3": {
                "composition": {
                    "solvent": 0.9999999287500712,
                    "mixture1": 7.124992893219608e-08
                },
                "constitution": {
                    "Na": 1.4249985786439215e-06,
                    "Y": 3.5624964466098037e-07
                },
                "volume": 3500,
                "timestamp": "20250227_085734",
                "parents": [
                    "plate1:A1",
                    "solvent"
                ],
                "parent_volumes": [
                    250,
                    3250
                ],
                "type": "analyte",
                "container": "ICP tube",
                "name": ""
            }
        }
    }
}