{
    "code": "1RQA0",
    "rack": {
        "name": "Rack 6x15 ICP robotic",
        "type": "ICP90",
        "instrument": "BK",
        "position": "Deck 16-17 Waste 1",
        "label": "",
        "code": null,
        "holder": null,
        "items": 90,
        "layout": "rectangular",
        "rows": 6,
        "columns": 15
    },
    "route": {
        "ready": "no",
        "type": "active",
        "priority": "clear",
        "route": [
            "UR5",
            "Storage",
            "UR5",
            "ICP",
            "UR5",
            "Trash"
        ],
        "step": 0,
        "datetimes": []
    },
    "creator": {
        "location": "BK",
        "position": "Deck 16-17 Waste 1",
        "ID": "ICP1",
        "protocol": 1087,
        "datetime": "2025-02-27 08:34:29.024374",
        "content": {
            "ICP1:A1": {
                "composition": {
                    "solvent": 0.9999999166667499,
                    "mixture1": 8.333325000423977e-08
                },
                "constitution": {
                    "Na": 1.6666650000847956e-06,
                    "Y": 4.166662500211989e-07
                },
                "volume": 3000,
                "timestamp": "20250227_083426",
                "parents": [
                    "plate1:A1",
                    "solvent"
                ],
                "parent_volumes": [
                    250,
                    2750
                ],
                "type": "analyte",
                "container": "ICP tube",
                "name": ""
            },
            "ICP1:A2": {
                "composition": {
                    "solvent": 0.9999999166667499,
                    "mixture2": 8.333325000423977e-08
                },
                "constitution": {
                    "K": 1.6666650000847956e-06,
                    "Y": 4.166662500211989e-07
                },
                "volume": 3000,
                "timestamp": "20250227_083427",
                "parents": [
                    "plate1:B1",
                    "solvent"
                ],
                "parent_volumes": [
                    250,
                    2750
                ],
                "type": "analyte",
                "container": "ICP tube",
                "name": ""
            },
            "ICP1:A3": {
                "composition": {
                    "solvent": 0.9999999168750828,
                    "mixture1": 8.31249170875621e-08
                },
                "constitution": {
                    "Na": 1.6624983417512418e-06,
                    "Y": 4.1562458543781044e-07
                },
                "volume": 3000,
                "timestamp": "20250227_083427",
                "parents": [
                    "plate1:A1",
                    "solvent"
                ],
                "parent_volumes": [
                    250,
                    2750
                ],
                "type": "analyte",
                "container": "ICP tube",
                "name": ""
            }
        }
    }
}