{
    "2": [
        null,
        "plate1"
    ],
    "3": [
        "source1",
        "plate1"
    ],
    "4": [
        "source1",
        "plate1"
    ],
    "5": [
        null,
        "ICP1"
    ],
    "6": [
        "plate1",
        "ICP1"
    ],
    "7": [
        null,
        "plate1"
    ],
    "9": [
        null,
        "ICP1"
    ],
    "10": [
        "plate1",
        "ICP1"
    ],
    "11": [
        null,
        "plate1"
    ],
    "13": [
        null,
        "ICP1"
    ],
    "14": [
        "plate1",
        "ICP1"
    ],
    "15": [
        null,
        "plate1"
    ]
}