index,timestamp,well,name,value
3385,03/06/2025 14:52:40,3,Input : Substrate,"Rack 3x4 six Kaufmann H-cells, Deck 12-13 Heat-Cool-Stir 1, 1, 3"
3399,03/06/2025 14:52:40,3,Input : Substrate,"Rack 3x4 six Kaufmann H-cells, Deck 12-13 Heat-Cool-Stir 1, 1, 3"
3484,03/06/2025 14:52:41,3,Input : Substrate,"Rack 3x4 six Kaufmann H-cells, Deck 12-13 Heat-Cool-Stir 1, 1, 3"
3531,03/06/2025 14:52:41,3,Input : Substrate,"Rack 3x4 six Kaufmann H-cells, Deck 12-13 Heat-Cool-Stir 1, 1, 3"
3679,03/06/2025 14:52:55,3,Input : Substrate,"Rack 3x4 six Kaufmann H-cells, Deck 12-13 Heat-Cool-Stir 1, 1, 3"
3726,03/06/2025 14:52:55,3,Input : Substrate,"Rack 3x4 six Kaufmann H-cells, Deck 12-13 Heat-Cool-Stir 1, 1, 3"
3756,03/06/2025 14:52:56,3,Input : Substrate,"Rack 3x4 six Kaufmann H-cells, Deck 12-13 Heat-Cool-Stir 1, 1, 3"
3803,03/06/2025 14:52:57,3,Input : Substrate,"Rack 3x4 six Kaufmann H-cells, Deck 12-13 Heat-Cool-Stir 1, 1, 3"
3907,03/06/2025 14:53:06,3,Input : Substrate,"Rack 3x4 six Kaufmann H-cells, Deck 12-13 Heat-Cool-Stir 1, 1, 3"
3954,03/06/2025 14:53:06,3,Input : Substrate,"Rack 3x4 six Kaufmann H-cells, Deck 12-13 Heat-Cool-Stir 1, 1, 3"
3988,03/06/2025 14:53:11,3,Input : Substrate,"Rack 3x4 six Kaufmann H-cells, Deck 12-13 Heat-Cool-Stir 1, 1, 3"
4035,03/06/2025 14:53:11,3,Input : Substrate,"Rack 3x4 six Kaufmann H-cells, Deck 12-13 Heat-Cool-Stir 1, 1, 3"
4296,03/06/2025 14:53:14,3,Input : Substrate,"Rack 6x15 ICP robotic, Deck 16-17 Waste 1, 1, 3"
4319,03/06/2025 14:53:14,3,Input : Substrate,"Rack 6x15 ICP robotic, Deck 16-17 Waste 1, 1, 3"
4342,03/06/2025 14:53:15,3,Input : Substrate,"Rack 6x15 ICP robotic, Deck 16-17 Waste 1, 1, 3"
4389,03/06/2025 14:53:15,3,Input : Substrate,"Rack 6x15 ICP robotic, Deck 16-17 Waste 1, 1, 3"
4440,03/06/2025 14:53:19,3,Input : Substrate,"Rack 6x15 ICP robotic, Deck 16-17 Waste 1, 1, 3"
4487,03/06/2025 14:53:20,3,Input : Substrate,"Rack 6x15 ICP robotic, Deck 16-17 Waste 1, 1, 3"
4521,03/06/2025 14:53:23,3,Output : Volume Dispensed,125
4559,03/06/2025 14:53:25,3,Output : Volume Dispensed,1000
4604,03/06/2025 14:53:29,3,Input : Substrate,"Rack 6x15 ICP robotic, Deck 16-17 Waste 1, 1, 3"
4651,03/06/2025 14:53:29,3,Input : Substrate,"Rack 6x15 ICP robotic, Deck 16-17 Waste 1, 1, 3"
5941,03/06/2025 14:54:14,3,Input : Substrate,"Rack 3x4 six Kaufmann H-cells, Deck 12-13 Heat-Cool-Stir 1, 1, 3"
5964,03/06/2025 14:54:14,3,Input : Substrate,"Rack 3x4 six Kaufmann H-cells, Deck 12-13 Heat-Cool-Stir 1, 1, 3"
6004,03/06/2025 14:54:14,3,Input : Substrate,"Rack 3x4 six Kaufmann H-cells, Deck 12-13 Heat-Cool-Stir 1, 1, 3"
6051,03/06/2025 14:54:14,3,Input : Substrate,"Rack 3x4 six Kaufmann H-cells, Deck 12-13 Heat-Cool-Stir 1, 1, 3"
6122,03/06/2025 14:54:23,3,Input : Substrate,"Rack 3x4 six Kaufmann H-cells, Deck 12-13 Heat-Cool-Stir 1, 1, 3"
6169,03/06/2025 14:54:23,3,Input : Substrate,"Rack 3x4 six Kaufmann H-cells, Deck 12-13 Heat-Cool-Stir 1, 1, 3"
6210,03/06/2025 14:54:26,3,Output : Volume Dispensed,125
6230,03/06/2025 14:54:29,3,Input : Substrate,"Rack 3x4 six Kaufmann H-cells, Deck 12-13 Heat-Cool-Stir 1, 1, 3"
6277,03/06/2025 14:54:29,3,Input : Substrate,"Rack 3x4 six Kaufmann H-cells, Deck 12-13 Heat-Cool-Stir 1, 1, 3"
7805,03/06/2025 14:55:14,4,Input : Substrate,"Rack 3x4 six Kaufmann H-cells, Deck 12-13 Heat-Cool-Stir 1, 2, 3"
7819,03/06/2025 14:55:14,4,Input : Substrate,"Rack 3x4 six Kaufmann H-cells, Deck 12-13 Heat-Cool-Stir 1, 2, 3"
7904,03/06/2025 14:55:14,4,Input : Substrate,"Rack 3x4 six Kaufmann H-cells, Deck 12-13 Heat-Cool-Stir 1, 2, 3"
7951,03/06/2025 14:55:15,4,Input : Substrate,"Rack 3x4 six Kaufmann H-cells, Deck 12-13 Heat-Cool-Stir 1, 2, 3"
8099,03/06/2025 14:55:28,4,Input : Substrate,"Rack 3x4 six Kaufmann H-cells, Deck 12-13 Heat-Cool-Stir 1, 2, 3"
8146,03/06/2025 14:55:29,4,Input : Substrate,"Rack 3x4 six Kaufmann H-cells, Deck 12-13 Heat-Cool-Stir 1, 2, 3"
8176,03/06/2025 14:55:30,4,Input : Substrate,"Rack 3x4 six Kaufmann H-cells, Deck 12-13 Heat-Cool-Stir 1, 2, 3"
8223,03/06/2025 14:55:30,4,Input : Substrate,"Rack 3x4 six Kaufmann H-cells, Deck 12-13 Heat-Cool-Stir 1, 2, 3"
8327,03/06/2025 14:55:40,4,Input : Substrate,"Rack 3x4 six Kaufmann H-cells, Deck 12-13 Heat-Cool-Stir 1, 2, 3"
8374,03/06/2025 14:55:40,4,Input : Substrate,"Rack 3x4 six Kaufmann H-cells, Deck 12-13 Heat-Cool-Stir 1, 2, 3"
8408,03/06/2025 14:55:45,4,Input : Substrate,"Rack 3x4 six Kaufmann H-cells, Deck 12-13 Heat-Cool-Stir 1, 2, 3"
8455,03/06/2025 14:55:45,4,Input : Substrate,"Rack 3x4 six Kaufmann H-cells, Deck 12-13 Heat-Cool-Stir 1, 2, 3"
8716,03/06/2025 14:55:48,4,Input : Substrate,"Rack 6x15 ICP robotic, Deck 16-17 Waste 1, 1, 4"
8739,03/06/2025 14:55:48,4,Input : Substrate,"Rack 6x15 ICP robotic, Deck 16-17 Waste 1, 1, 4"
8762,03/06/2025 14:55:48,4,Input : Substrate,"Rack 6x15 ICP robotic, Deck 16-17 Waste 1, 1, 4"
8809,03/06/2025 14:55:49,4,Input : Substrate,"Rack 6x15 ICP robotic, Deck 16-17 Waste 1, 1, 4"
8860,03/06/2025 14:55:53,4,Input : Substrate,"Rack 6x15 ICP robotic, Deck 16-17 Waste 1, 1, 4"
8907,03/06/2025 14:55:54,4,Input : Substrate,"Rack 6x15 ICP robotic, Deck 16-17 Waste 1, 1, 4"
8941,03/06/2025 14:55:56,4,Output : Volume Dispensed,125
8979,03/06/2025 14:55:59,4,Output : Volume Dispensed,1000
9024,03/06/2025 14:56:03,4,Input : Substrate,"Rack 6x15 ICP robotic, Deck 16-17 Waste 1, 1, 4"
9071,03/06/2025 14:56:03,4,Input : Substrate,"Rack 6x15 ICP robotic, Deck 16-17 Waste 1, 1, 4"
10380,03/06/2025 14:56:49,7,Input : Substrate,"Rack 3x4 six Kaufmann H-cells, Deck 12-13 Heat-Cool-Stir 1, 2, 3"
10403,03/06/2025 14:56:49,7,Input : Substrate,"Rack 3x4 six Kaufmann H-cells, Deck 12-13 Heat-Cool-Stir 1, 2, 3"
10443,03/06/2025 14:56:49,7,Input : Substrate,"Rack 3x4 six Kaufmann H-cells, Deck 12-13 Heat-Cool-Stir 1, 2, 3"
10490,03/06/2025 14:56:49,7,Input : Substrate,"Rack 3x4 six Kaufmann H-cells, Deck 12-13 Heat-Cool-Stir 1, 2, 3"
10561,03/06/2025 14:56:58,7,Input : Substrate,"Rack 3x4 six Kaufmann H-cells, Deck 12-13 Heat-Cool-Stir 1, 2, 3"
10608,03/06/2025 14:56:58,7,Input : Substrate,"Rack 3x4 six Kaufmann H-cells, Deck 12-13 Heat-Cool-Stir 1, 2, 3"
10649,03/06/2025 14:57:01,7,Output : Volume Dispensed,125
10669,03/06/2025 14:57:04,7,Input : Substrate,"Rack 3x4 six Kaufmann H-cells, Deck 12-13 Heat-Cool-Stir 1, 2, 3"
10716,03/06/2025 14:57:05,7,Input : Substrate,"Rack 3x4 six Kaufmann H-cells, Deck 12-13 Heat-Cool-Stir 1, 2, 3"
