{
    "solvent": {
        "composition": {
            "solvent": 1.0
        },
        "constitution": {},
        "volume": 0,
        "timestamp": "",
        "parents": [],
        "parent_volumes": [],
        "type": "solvent",
        "container": "",
        "name": "solvent"
    },
    "source1:A1": {
        "composition": {
            "mixture1": 1.0
        },
        "constitution": {
            "Na": 20.0,
            "Y": 5
        },
        "volume": 0,
        "timestamp": "",
        "parents": [],
        "parent_volumes": [],
        "type": "source",
        "container": "",
        "name": "mixture1"
    },
    "source1:A2": {
        "composition": {
            "mixture2": 1.0
        },
        "constitution": {
            "K": 20.0,
            "Y": 5
        },
        "volume": 0,
        "timestamp": "",
        "parents": [],
        "parent_volumes": [],
        "type": "source",
        "container": "",
        "name": "mixture2"
    },
    "source1:A3": {
        "composition": {
            "mixture3": 1.0
        },
        "constitution": {
            "Mg": 20.0,
            "Y": 5
        },
        "volume": 0,
        "timestamp": "",
        "parents": [],
        "parent_volumes": [],
        "type": "source",
        "container": "",
        "name": "mixture3"
    },
    "source1:A4": {
        "composition": {
            "mixture4": 1.0
        },
        "constitution": {
            "Ca": 20.0,
            "Y": 5
        },
        "volume": 0,
        "timestamp": "",
        "parents": [],
        "parent_volumes": [],
        "type": "source",
        "container": "",
        "name": "mixture4"
    },
    "source1:B1": {
        "composition": {
            "mixture5": 1.0
        },
        "constitution": {
            "Mn": 20.0,
            "Y": 5
        },
        "volume": 0,
        "timestamp": "",
        "parents": [],
        "parent_volumes": [],
        "type": "source",
        "container": "",
        "name": "mixture5"
    },
    "source1:B2": {
        "composition": {
            "mixture6": 1.0
        },
        "constitution": {
            "Y": 20
        },
        "volume": 0,
        "timestamp": "",
        "parents": [],
        "parent_volumes": [],
        "type": "source",
        "container": "",
        "name": "mixture6"
    },
    "plate1:A1": {
        "composition": {
            "solvent": 1.0
        },
        "constitution": {},
        "volume": 100000.0,
        "timestamp": "20250306_145126",
        "parents": [
            "solvent"
        ],
        "parent_volumes": [
            100000.0
        ],
        "type": "sample",
        "container": "glass vial",
        "name": ""
    },
    "plate1:A2": {
        "composition": {
            "solvent": 1.0
        },
        "constitution": {},
        "volume": 100000.0,
        "timestamp": "20250306_145126",
        "parents": [
            "solvent"
        ],
        "parent_volumes": [
            100000.0
        ],
        "type": "sample",
        "container": "glass vial",
        "name": ""
    },
    "plate1:A3": {
        "composition": {
            "solvent": 0.9901112636016077,
            "mixture1": 0.009888736398392323
        },
        "constitution": {
            "Na": 0.19777472796784645,
            "Y": 0.04944368199196161
        },
        "volume": 101000.0,
        "timestamp": "20250306_145126",
        "parents": [
            "solvent",
            "source1:A1",
            "solvent"
        ],
        "parent_volumes": [
            99876.23762376238,
            998.7623762376238,
            125.0
        ],
        "type": "sample",
        "container": "glass vial",
        "name": ""
    },
    "plate1:A4": {
        "composition": {
            "solvent": 1.0
        },
        "constitution": {},
        "volume": 100000.0,
        "timestamp": "20250306_145126",
        "parents": [
            "solvent"
        ],
        "parent_volumes": [
            100000.0
        ],
        "type": "sample",
        "container": "glass vial",
        "name": ""
    },
    "plate1:B1": {
        "composition": {
            "solvent": 1.0
        },
        "constitution": {},
        "volume": 100000.0,
        "timestamp": "20250306_145126",
        "parents": [
            "solvent"
        ],
        "parent_volumes": [
            100000.0
        ],
        "type": "sample",
        "container": "glass vial",
        "name": ""
    },
    "plate1:B2": {
        "composition": {
            "solvent": 1.0
        },
        "constitution": {},
        "volume": 100000.0,
        "timestamp": "20250306_145126",
        "parents": [
            "solvent"
        ],
        "parent_volumes": [
            100000.0
        ],
        "type": "sample",
        "container": "glass vial",
        "name": ""
    },
    "plate1:B3": {
        "composition": {
            "solvent": 0.9901112636016077,
            "mixture1": 0.009888736398392323
        },
        "constitution": {
            "Na": 0.19777472796784645,
            "Y": 0.04944368199196161
        },
        "volume": 101000.0,
        "timestamp": "20250306_145126",
        "parents": [
            "solvent",
            "source1:A1",
            "solvent"
        ],
        "parent_volumes": [
            99876.23762376238,
            998.7623762376238,
            125.0
        ],
        "type": "sample",
        "container": "glass vial",
        "name": ""
    },
    "plate1:B4": {
        "composition": {
            "solvent": 1.0
        },
        "constitution": {},
        "volume": 100000.0,
        "timestamp": "20250306_145126",
        "parents": [
            "solvent"
        ],
        "parent_volumes": [
            100000.0
        ],
        "type": "sample",
        "container": "glass vial",
        "name": ""
    },
    "plate1:C1": {
        "composition": {
            "solvent": 1.0
        },
        "constitution": {},
        "volume": 100000.0,
        "timestamp": "20250306_145126",
        "parents": [
            "solvent"
        ],
        "parent_volumes": [
            100000.0
        ],
        "type": "sample",
        "container": "glass vial",
        "name": ""
    },
    "plate1:C2": {
        "composition": {
            "solvent": 1.0
        },
        "constitution": {},
        "volume": 100000.0,
        "timestamp": "20250306_145126",
        "parents": [
            "solvent"
        ],
        "parent_volumes": [
            100000.0
        ],
        "type": "sample",
        "container": "glass vial",
        "name": ""
    },
    "plate1:C3": {
        "composition": {
            "solvent": 1.0
        },
        "constitution": {},
        "volume": 100000.0,
        "timestamp": "20250306_145126",
        "parents": [
            "solvent"
        ],
        "parent_volumes": [
            100000.0
        ],
        "type": "sample",
        "container": "glass vial",
        "name": ""
    },
    "plate1:C4": {
        "composition": {
            "solvent": 1.0
        },
        "constitution": {},
        "volume": 100000.0,
        "timestamp": "20250306_145126",
        "parents": [
            "solvent"
        ],
        "parent_volumes": [
            100000.0
        ],
        "type": "sample",
        "container": "glass vial",
        "name": ""
    },
    "ICP1:A3": {
        "composition": {
            "solvent": 0.9988998899889988,
            "mixture1": 0.001100110011001101
        },
        "constitution": {
            "Na": 0.02200220022002202,
            "Y": 0.005500550055005505
        },
        "volume": 1125.0,
        "timestamp": "20250306_145126",
        "parents": [
            "plate1:A3",
            "solvent"
        ],
        "parent_volumes": [
            125.0,
            1000
        ],
        "type": "sample",
        "container": "ICP tube",
        "name": ""
    },
    "ICP1:A4": {
        "composition": {
            "solvent": 0.9988998899889988,
            "mixture1": 0.001100110011001101
        },
        "constitution": {
            "Na": 0.02200220022002202,
            "Y": 0.005500550055005505
        },
        "volume": 1125.0,
        "timestamp": "20250306_145126",
        "parents": [
            "plate1:B3",
            "solvent"
        ],
        "parent_volumes": [
            125.0,
            1000
        ],
        "type": "sample",
        "container": "ICP tube",
        "name": ""
    }
}