index,timestamp,well,name,value
2656,03/06/2025 14:46:21,3,Input : Substrate,"Rack 2x4 20mL Vial, Deck 10-11 Position 2, 1, 1"
2670,03/06/2025 14:46:21,3,Input : Substrate,"Rack 2x4 20mL Vial, Deck 10-11 Position 2, 1, 1"
2731,03/06/2025 14:46:21,3,Input : Substrate,"Rack 2x4 20mL Vial, Deck 10-11 Position 2, 1, 1"
2778,03/06/2025 14:46:21,3,Input : Substrate,"Rack 2x4 20mL Vial, Deck 10-11 Position 2, 1, 1"
2879,03/06/2025 14:46:27,3,Input : Substrate,"Rack 2x4 20mL Vial, Deck 10-11 Position 2, 1, 1"
2926,03/06/2025 14:46:27,3,Input : Substrate,"Rack 2x4 20mL Vial, Deck 10-11 Position 2, 1, 1"
2956,03/06/2025 14:46:29,3,Input : Substrate,"Rack 2x4 20mL Vial, Deck 10-11 Position 2, 1, 1"
3003,03/06/2025 14:46:29,3,Input : Substrate,"Rack 2x4 20mL Vial, Deck 10-11 Position 2, 1, 1"
3107,03/06/2025 14:46:55,3,Input : Substrate,"Rack 2x4 20mL Vial, Deck 10-11 Position 2, 1, 1"
3154,03/06/2025 14:46:55,3,Input : Substrate,"Rack 2x4 20mL Vial, Deck 10-11 Position 2, 1, 1"
3188,03/06/2025 14:47:00,3,Input : Substrate,"Rack 2x4 20mL Vial, Deck 10-11 Position 2, 1, 1"
3235,03/06/2025 14:47:00,3,Input : Substrate,"Rack 2x4 20mL Vial, Deck 10-11 Position 2, 1, 1"
3515,03/06/2025 14:47:04,3,Input : Substrate,"Rack 3x4 six Kaufmann H-cells, Deck 12-13 Heat-Cool-Stir 1, 1, 3"
3538,03/06/2025 14:47:04,3,Input : Substrate,"Rack 3x4 six Kaufmann H-cells, Deck 12-13 Heat-Cool-Stir 1, 1, 3"
3561,03/06/2025 14:47:04,3,Input : Substrate,"Rack 3x4 six Kaufmann H-cells, Deck 12-13 Heat-Cool-Stir 1, 1, 3"
3608,03/06/2025 14:47:04,3,Input : Substrate,"Rack 3x4 six Kaufmann H-cells, Deck 12-13 Heat-Cool-Stir 1, 1, 3"
3651,03/06/2025 14:47:08,3,Input : Substrate,"Rack 3x4 six Kaufmann H-cells, Deck 12-13 Heat-Cool-Stir 1, 1, 3"
3698,03/06/2025 14:47:09,3,Input : Substrate,"Rack 3x4 six Kaufmann H-cells, Deck 12-13 Heat-Cool-Stir 1, 1, 3"
3732,03/06/2025 14:47:17,3,Output : Volume Dispensed,1000
3755,03/06/2025 14:47:21,3,Input : Substrate,"Rack 3x4 six Kaufmann H-cells, Deck 12-13 Heat-Cool-Stir 1, 1, 3"
3802,03/06/2025 14:47:21,3,Input : Substrate,"Rack 3x4 six Kaufmann H-cells, Deck 12-13 Heat-Cool-Stir 1, 1, 3"
5221,03/06/2025 14:48:07,7,Input : Substrate,"Rack 2x4 20mL Vial, Deck 10-11 Position 2, 1, 2"
5235,03/06/2025 14:48:07,7,Input : Substrate,"Rack 2x4 20mL Vial, Deck 10-11 Position 2, 1, 2"
5296,03/06/2025 14:48:08,7,Input : Substrate,"Rack 2x4 20mL Vial, Deck 10-11 Position 2, 1, 2"
5343,03/06/2025 14:48:08,7,Input : Substrate,"Rack 2x4 20mL Vial, Deck 10-11 Position 2, 1, 2"
5444,03/06/2025 14:48:14,7,Input : Substrate,"Rack 2x4 20mL Vial, Deck 10-11 Position 2, 1, 2"
5491,03/06/2025 14:48:14,7,Input : Substrate,"Rack 2x4 20mL Vial, Deck 10-11 Position 2, 1, 2"
5521,03/06/2025 14:48:15,7,Input : Substrate,"Rack 2x4 20mL Vial, Deck 10-11 Position 2, 1, 2"
5568,03/06/2025 14:48:15,7,Input : Substrate,"Rack 2x4 20mL Vial, Deck 10-11 Position 2, 1, 2"
5672,03/06/2025 14:48:42,7,Input : Substrate,"Rack 2x4 20mL Vial, Deck 10-11 Position 2, 1, 2"
5719,03/06/2025 14:48:42,7,Input : Substrate,"Rack 2x4 20mL Vial, Deck 10-11 Position 2, 1, 2"
5753,03/06/2025 14:48:47,7,Input : Substrate,"Rack 2x4 20mL Vial, Deck 10-11 Position 2, 1, 2"
5800,03/06/2025 14:48:47,7,Input : Substrate,"Rack 2x4 20mL Vial, Deck 10-11 Position 2, 1, 2"
6080,03/06/2025 14:48:50,7,Input : Substrate,"Rack 3x4 six Kaufmann H-cells, Deck 12-13 Heat-Cool-Stir 1, 2, 3"
6103,03/06/2025 14:48:50,7,Input : Substrate,"Rack 3x4 six Kaufmann H-cells, Deck 12-13 Heat-Cool-Stir 1, 2, 3"
6126,03/06/2025 14:48:50,7,Input : Substrate,"Rack 3x4 six Kaufmann H-cells, Deck 12-13 Heat-Cool-Stir 1, 2, 3"
6173,03/06/2025 14:48:51,7,Input : Substrate,"Rack 3x4 six Kaufmann H-cells, Deck 12-13 Heat-Cool-Stir 1, 2, 3"
6216,03/06/2025 14:48:55,7,Input : Substrate,"Rack 3x4 six Kaufmann H-cells, Deck 12-13 Heat-Cool-Stir 1, 2, 3"
6263,03/06/2025 14:48:55,7,Input : Substrate,"Rack 3x4 six Kaufmann H-cells, Deck 12-13 Heat-Cool-Stir 1, 2, 3"
6297,03/06/2025 14:49:04,7,Output : Volume Dispensed,1000
6320,03/06/2025 14:49:07,7,Input : Substrate,"Rack 3x4 six Kaufmann H-cells, Deck 12-13 Heat-Cool-Stir 1, 2, 3"
6367,03/06/2025 14:49:08,7,Input : Substrate,"Rack 3x4 six Kaufmann H-cells, Deck 12-13 Heat-Cool-Stir 1, 2, 3"
