{
    "code": "227E0",
    "barcode": "0000XX",
    "rack": {
        "name": "Rack 6x15 ICP robotic",
        "type": "ICP90",
        "instrument": "BK",
        "position": "Deck 16-17 Waste 1",
        "label": "",
        "code": null,
        "holder": null,
        "items": 90,
        "layout": "rectangular",
        "rows": 6,
        "columns": 15
    },
    "route": {
        "ready": "no",
        "type": "active",
        "priority": "clear",
        "route": [
            "UR5",
            "Storage",
            "UR5",
            "ICP",
            "UR5",
            "Trash"
        ],
        "step": 0,
        "datetimes": []
    },
    "creator": {
        "location": "BK",
        "position": "Deck 16-17 Waste 1",
        "ID": "ICP1",
        "protocol": 1123,
        "datetime": "2025-03-08 18:50:32.493557",
        "content": {
            "ICP1:A1": {
                "composition": {
                    "solvent": 0.999999909091,
                    "mixture1": 9.090900000462522e-08
                },
                "constitution": {
                    "Na": 1.8181800000925044e-06,
                    "Y": 4.545450000231261e-07
                },
                "volume": 2750,
                "timestamp": "20250308_185030",
                "parents": [
                    "plate1:A1",
                    "solvent"
                ],
                "parent_volumes": [
                    250,
                    2500
                ],
                "type": "blank",
                "container": "ICP tube",
                "name": ""
            },
            "ICP1:A2": {
                "composition": {
                    "solvent": 0.999999909091,
                    "mixture2": 9.090900000462522e-08
                },
                "constitution": {
                    "K": 1.8181800000925044e-06,
                    "Y": 4.545450000231261e-07
                },
                "volume": 2750,
                "timestamp": "20250308_185030",
                "parents": [
                    "plate1:B1",
                    "solvent"
                ],
                "parent_volumes": [
                    250,
                    2500
                ],
                "type": "blank",
                "container": "ICP tube",
                "name": ""
            }
        }
    }
}