index,timestamp,well,name,value
4295,03/06/2025 16:20:29,1,Input : Substrate,"Rack 3x4 six Kaufmann H-cells, Deck 12-13 Heat-Cool-Stir 1, 1, 1"
4309,03/06/2025 16:20:29,1,Input : Substrate,"Rack 3x4 six Kaufmann H-cells, Deck 12-13 Heat-Cool-Stir 1, 1, 1"
4394,03/06/2025 16:20:30,1,Input : Substrate,"Rack 3x4 six Kaufmann H-cells, Deck 12-13 Heat-Cool-Stir 1, 1, 1"
4441,03/06/2025 16:20:30,1,Input : Substrate,"Rack 3x4 six Kaufmann H-cells, Deck 12-13 Heat-Cool-Stir 1, 1, 1"
4589,03/06/2025 16:20:44,1,Input : Substrate,"Rack 3x4 six Kaufmann H-cells, Deck 12-13 Heat-Cool-Stir 1, 1, 1"
4636,03/06/2025 16:20:44,1,Input : Substrate,"Rack 3x4 six Kaufmann H-cells, Deck 12-13 Heat-Cool-Stir 1, 1, 1"
4666,03/06/2025 16:20:45,1,Input : Substrate,"Rack 3x4 six Kaufmann H-cells, Deck 12-13 Heat-Cool-Stir 1, 1, 1"
4713,03/06/2025 16:20:46,1,Input : Substrate,"Rack 3x4 six Kaufmann H-cells, Deck 12-13 Heat-Cool-Stir 1, 1, 1"
4817,03/06/2025 16:20:57,1,Input : Substrate,"Rack 3x4 six Kaufmann H-cells, Deck 12-13 Heat-Cool-Stir 1, 1, 1"
4864,03/06/2025 16:20:57,1,Input : Substrate,"Rack 3x4 six Kaufmann H-cells, Deck 12-13 Heat-Cool-Stir 1, 1, 1"
4898,03/06/2025 16:21:02,1,Input : Substrate,"Rack 3x4 six Kaufmann H-cells, Deck 12-13 Heat-Cool-Stir 1, 1, 1"
4945,03/06/2025 16:21:03,1,Input : Substrate,"Rack 3x4 six Kaufmann H-cells, Deck 12-13 Heat-Cool-Stir 1, 1, 1"
5206,03/06/2025 16:21:06,1,Input : Substrate,"Rack 6x15 ICP robotic, Deck 16-17 Waste 1, 1, 1"
5229,03/06/2025 16:21:06,1,Input : Substrate,"Rack 6x15 ICP robotic, Deck 16-17 Waste 1, 1, 1"
5252,03/06/2025 16:21:06,1,Input : Substrate,"Rack 6x15 ICP robotic, Deck 16-17 Waste 1, 1, 1"
5299,03/06/2025 16:21:06,1,Input : Substrate,"Rack 6x15 ICP robotic, Deck 16-17 Waste 1, 1, 1"
5350,03/06/2025 16:21:11,1,Input : Substrate,"Rack 6x15 ICP robotic, Deck 16-17 Waste 1, 1, 1"
5397,03/06/2025 16:21:11,1,Input : Substrate,"Rack 6x15 ICP robotic, Deck 16-17 Waste 1, 1, 1"
5431,03/06/2025 16:21:15,1,Output : Volume Dispensed,250
5469,03/06/2025 16:21:17,1,Output : Volume Dispensed,1000
5514,03/06/2025 16:21:21,1,Input : Substrate,"Rack 6x15 ICP robotic, Deck 16-17 Waste 1, 1, 1"
5561,03/06/2025 16:21:22,1,Input : Substrate,"Rack 6x15 ICP robotic, Deck 16-17 Waste 1, 1, 1"
6897,03/06/2025 16:22:07,1,Input : Substrate,"Rack 3x4 six Kaufmann H-cells, Deck 12-13 Heat-Cool-Stir 1, 1, 1"
6920,03/06/2025 16:22:08,1,Input : Substrate,"Rack 3x4 six Kaufmann H-cells, Deck 12-13 Heat-Cool-Stir 1, 1, 1"
6960,03/06/2025 16:22:08,1,Input : Substrate,"Rack 3x4 six Kaufmann H-cells, Deck 12-13 Heat-Cool-Stir 1, 1, 1"
7007,03/06/2025 16:22:08,1,Input : Substrate,"Rack 3x4 six Kaufmann H-cells, Deck 12-13 Heat-Cool-Stir 1, 1, 1"
7078,03/06/2025 16:22:19,1,Input : Substrate,"Rack 3x4 six Kaufmann H-cells, Deck 12-13 Heat-Cool-Stir 1, 1, 1"
7125,03/06/2025 16:22:19,1,Input : Substrate,"Rack 3x4 six Kaufmann H-cells, Deck 12-13 Heat-Cool-Stir 1, 1, 1"
7166,03/06/2025 16:22:23,1,Output : Volume Dispensed,250
7186,03/06/2025 16:22:26,1,Input : Substrate,"Rack 3x4 six Kaufmann H-cells, Deck 12-13 Heat-Cool-Stir 1, 1, 1"
7233,03/06/2025 16:22:27,1,Input : Substrate,"Rack 3x4 six Kaufmann H-cells, Deck 12-13 Heat-Cool-Stir 1, 1, 1"
8944,03/06/2025 16:23:19,2,Input : Substrate,"Rack 3x4 six Kaufmann H-cells, Deck 12-13 Heat-Cool-Stir 1, 2, 1"
8958,03/06/2025 16:23:19,2,Input : Substrate,"Rack 3x4 six Kaufmann H-cells, Deck 12-13 Heat-Cool-Stir 1, 2, 1"
9043,03/06/2025 16:23:19,2,Input : Substrate,"Rack 3x4 six Kaufmann H-cells, Deck 12-13 Heat-Cool-Stir 1, 2, 1"
9090,03/06/2025 16:23:19,2,Input : Substrate,"Rack 3x4 six Kaufmann H-cells, Deck 12-13 Heat-Cool-Stir 1, 2, 1"
9238,03/06/2025 16:23:33,2,Input : Substrate,"Rack 3x4 six Kaufmann H-cells, Deck 12-13 Heat-Cool-Stir 1, 2, 1"
9285,03/06/2025 16:23:33,2,Input : Substrate,"Rack 3x4 six Kaufmann H-cells, Deck 12-13 Heat-Cool-Stir 1, 2, 1"
9315,03/06/2025 16:23:35,2,Input : Substrate,"Rack 3x4 six Kaufmann H-cells, Deck 12-13 Heat-Cool-Stir 1, 2, 1"
9362,03/06/2025 16:23:35,2,Input : Substrate,"Rack 3x4 six Kaufmann H-cells, Deck 12-13 Heat-Cool-Stir 1, 2, 1"
9466,03/06/2025 16:23:47,2,Input : Substrate,"Rack 3x4 six Kaufmann H-cells, Deck 12-13 Heat-Cool-Stir 1, 2, 1"
9513,03/06/2025 16:23:47,2,Input : Substrate,"Rack 3x4 six Kaufmann H-cells, Deck 12-13 Heat-Cool-Stir 1, 2, 1"
9547,03/06/2025 16:23:52,2,Input : Substrate,"Rack 3x4 six Kaufmann H-cells, Deck 12-13 Heat-Cool-Stir 1, 2, 1"
9594,03/06/2025 16:23:52,2,Input : Substrate,"Rack 3x4 six Kaufmann H-cells, Deck 12-13 Heat-Cool-Stir 1, 2, 1"
9839,03/06/2025 16:23:56,2,Input : Substrate,"Rack 6x15 ICP robotic, Deck 16-17 Waste 1, 1, 2"
9862,03/06/2025 16:23:56,2,Input : Substrate,"Rack 6x15 ICP robotic, Deck 16-17 Waste 1, 1, 2"
9885,03/06/2025 16:23:56,2,Input : Substrate,"Rack 6x15 ICP robotic, Deck 16-17 Waste 1, 1, 2"
9932,03/06/2025 16:23:56,2,Input : Substrate,"Rack 6x15 ICP robotic, Deck 16-17 Waste 1, 1, 2"
9983,03/06/2025 16:24:01,2,Input : Substrate,"Rack 6x15 ICP robotic, Deck 16-17 Waste 1, 1, 2"
10030,03/06/2025 16:24:01,2,Input : Substrate,"Rack 6x15 ICP robotic, Deck 16-17 Waste 1, 1, 2"
10064,03/06/2025 16:24:05,2,Output : Volume Dispensed,250
10102,03/06/2025 16:24:07,2,Output : Volume Dispensed,1000
10147,03/06/2025 16:24:11,2,Input : Substrate,"Rack 6x15 ICP robotic, Deck 16-17 Waste 1, 1, 2"
10194,03/06/2025 16:24:11,2,Input : Substrate,"Rack 6x15 ICP robotic, Deck 16-17 Waste 1, 1, 2"
11514,03/06/2025 16:24:57,5,Input : Substrate,"Rack 3x4 six Kaufmann H-cells, Deck 12-13 Heat-Cool-Stir 1, 2, 1"
11537,03/06/2025 16:24:57,5,Input : Substrate,"Rack 3x4 six Kaufmann H-cells, Deck 12-13 Heat-Cool-Stir 1, 2, 1"
11577,03/06/2025 16:24:57,5,Input : Substrate,"Rack 3x4 six Kaufmann H-cells, Deck 12-13 Heat-Cool-Stir 1, 2, 1"
11624,03/06/2025 16:24:58,5,Input : Substrate,"Rack 3x4 six Kaufmann H-cells, Deck 12-13 Heat-Cool-Stir 1, 2, 1"
11695,03/06/2025 16:25:09,5,Input : Substrate,"Rack 3x4 six Kaufmann H-cells, Deck 12-13 Heat-Cool-Stir 1, 2, 1"
11742,03/06/2025 16:25:09,5,Input : Substrate,"Rack 3x4 six Kaufmann H-cells, Deck 12-13 Heat-Cool-Stir 1, 2, 1"
11783,03/06/2025 16:25:13,5,Output : Volume Dispensed,250
11803,03/06/2025 16:25:16,5,Input : Substrate,"Rack 3x4 six Kaufmann H-cells, Deck 12-13 Heat-Cool-Stir 1, 2, 1"
11850,03/06/2025 16:25:16,5,Input : Substrate,"Rack 3x4 six Kaufmann H-cells, Deck 12-13 Heat-Cool-Stir 1, 2, 1"
13577,03/06/2025 16:26:08,3,Input : Substrate,"Rack 3x4 six Kaufmann H-cells, Deck 12-13 Heat-Cool-Stir 1, 1, 1"
13591,03/06/2025 16:26:08,3,Input : Substrate,"Rack 3x4 six Kaufmann H-cells, Deck 12-13 Heat-Cool-Stir 1, 1, 1"
13676,03/06/2025 16:26:09,3,Input : Substrate,"Rack 3x4 six Kaufmann H-cells, Deck 12-13 Heat-Cool-Stir 1, 1, 1"
13723,03/06/2025 16:26:09,3,Input : Substrate,"Rack 3x4 six Kaufmann H-cells, Deck 12-13 Heat-Cool-Stir 1, 1, 1"
13871,03/06/2025 16:26:23,3,Input : Substrate,"Rack 3x4 six Kaufmann H-cells, Deck 12-13 Heat-Cool-Stir 1, 1, 1"
13918,03/06/2025 16:26:23,3,Input : Substrate,"Rack 3x4 six Kaufmann H-cells, Deck 12-13 Heat-Cool-Stir 1, 1, 1"
13948,03/06/2025 16:26:25,3,Input : Substrate,"Rack 3x4 six Kaufmann H-cells, Deck 12-13 Heat-Cool-Stir 1, 1, 1"
13995,03/06/2025 16:26:25,3,Input : Substrate,"Rack 3x4 six Kaufmann H-cells, Deck 12-13 Heat-Cool-Stir 1, 1, 1"
14099,03/06/2025 16:26:36,3,Input : Substrate,"Rack 3x4 six Kaufmann H-cells, Deck 12-13 Heat-Cool-Stir 1, 1, 1"
14146,03/06/2025 16:26:37,3,Input : Substrate,"Rack 3x4 six Kaufmann H-cells, Deck 12-13 Heat-Cool-Stir 1, 1, 1"
14180,03/06/2025 16:26:41,3,Input : Substrate,"Rack 3x4 six Kaufmann H-cells, Deck 12-13 Heat-Cool-Stir 1, 1, 1"
14227,03/06/2025 16:26:42,3,Input : Substrate,"Rack 3x4 six Kaufmann H-cells, Deck 12-13 Heat-Cool-Stir 1, 1, 1"
14488,03/06/2025 16:26:45,3,Input : Substrate,"Rack 6x15 ICP robotic, Deck 16-17 Waste 1, 1, 3"
14511,03/06/2025 16:26:45,3,Input : Substrate,"Rack 6x15 ICP robotic, Deck 16-17 Waste 1, 1, 3"
14534,03/06/2025 16:26:45,3,Input : Substrate,"Rack 6x15 ICP robotic, Deck 16-17 Waste 1, 1, 3"
14581,03/06/2025 16:26:46,3,Input : Substrate,"Rack 6x15 ICP robotic, Deck 16-17 Waste 1, 1, 3"
14632,03/06/2025 16:26:50,3,Input : Substrate,"Rack 6x15 ICP robotic, Deck 16-17 Waste 1, 1, 3"
14679,03/06/2025 16:26:51,3,Input : Substrate,"Rack 6x15 ICP robotic, Deck 16-17 Waste 1, 1, 3"
14713,03/06/2025 16:26:54,3,Output : Volume Dispensed,250
14751,03/06/2025 16:26:57,3,Output : Volume Dispensed,1000
14796,03/06/2025 16:27:01,3,Input : Substrate,"Rack 6x15 ICP robotic, Deck 16-17 Waste 1, 1, 3"
14843,03/06/2025 16:27:01,3,Input : Substrate,"Rack 6x15 ICP robotic, Deck 16-17 Waste 1, 1, 3"
16147,03/06/2025 16:27:47,1,Input : Substrate,"Rack 3x4 six Kaufmann H-cells, Deck 12-13 Heat-Cool-Stir 1, 1, 1"
16170,03/06/2025 16:27:47,1,Input : Substrate,"Rack 3x4 six Kaufmann H-cells, Deck 12-13 Heat-Cool-Stir 1, 1, 1"
16210,03/06/2025 16:27:47,1,Input : Substrate,"Rack 3x4 six Kaufmann H-cells, Deck 12-13 Heat-Cool-Stir 1, 1, 1"
16257,03/06/2025 16:27:47,1,Input : Substrate,"Rack 3x4 six Kaufmann H-cells, Deck 12-13 Heat-Cool-Stir 1, 1, 1"
16328,03/06/2025 16:27:58,1,Input : Substrate,"Rack 3x4 six Kaufmann H-cells, Deck 12-13 Heat-Cool-Stir 1, 1, 1"
16375,03/06/2025 16:27:59,1,Input : Substrate,"Rack 3x4 six Kaufmann H-cells, Deck 12-13 Heat-Cool-Stir 1, 1, 1"
16416,03/06/2025 16:28:02,1,Output : Volume Dispensed,250
16436,03/06/2025 16:28:06,1,Input : Substrate,"Rack 3x4 six Kaufmann H-cells, Deck 12-13 Heat-Cool-Stir 1, 1, 1"
16483,03/06/2025 16:28:06,1,Input : Substrate,"Rack 3x4 six Kaufmann H-cells, Deck 12-13 Heat-Cool-Stir 1, 1, 1"
18210,03/06/2025 16:28:58,4,Input : Substrate,"Rack 3x4 six Kaufmann H-cells, Deck 12-13 Heat-Cool-Stir 1, 2, 1"
18224,03/06/2025 16:28:58,4,Input : Substrate,"Rack 3x4 six Kaufmann H-cells, Deck 12-13 Heat-Cool-Stir 1, 2, 1"
18309,03/06/2025 16:28:58,4,Input : Substrate,"Rack 3x4 six Kaufmann H-cells, Deck 12-13 Heat-Cool-Stir 1, 2, 1"
18356,03/06/2025 16:28:58,4,Input : Substrate,"Rack 3x4 six Kaufmann H-cells, Deck 12-13 Heat-Cool-Stir 1, 2, 1"
18504,03/06/2025 16:29:12,4,Input : Substrate,"Rack 3x4 six Kaufmann H-cells, Deck 12-13 Heat-Cool-Stir 1, 2, 1"
18551,03/06/2025 16:29:13,4,Input : Substrate,"Rack 3x4 six Kaufmann H-cells, Deck 12-13 Heat-Cool-Stir 1, 2, 1"
18581,03/06/2025 16:29:14,4,Input : Substrate,"Rack 3x4 six Kaufmann H-cells, Deck 12-13 Heat-Cool-Stir 1, 2, 1"
18628,03/06/2025 16:29:14,4,Input : Substrate,"Rack 3x4 six Kaufmann H-cells, Deck 12-13 Heat-Cool-Stir 1, 2, 1"
18732,03/06/2025 16:29:26,4,Input : Substrate,"Rack 3x4 six Kaufmann H-cells, Deck 12-13 Heat-Cool-Stir 1, 2, 1"
18779,03/06/2025 16:29:26,4,Input : Substrate,"Rack 3x4 six Kaufmann H-cells, Deck 12-13 Heat-Cool-Stir 1, 2, 1"
18813,03/06/2025 16:29:31,4,Input : Substrate,"Rack 3x4 six Kaufmann H-cells, Deck 12-13 Heat-Cool-Stir 1, 2, 1"
18860,03/06/2025 16:29:31,4,Input : Substrate,"Rack 3x4 six Kaufmann H-cells, Deck 12-13 Heat-Cool-Stir 1, 2, 1"
19105,03/06/2025 16:29:35,4,Input : Substrate,"Rack 6x15 ICP robotic, Deck 16-17 Waste 1, 1, 4"
19128,03/06/2025 16:29:35,4,Input : Substrate,"Rack 6x15 ICP robotic, Deck 16-17 Waste 1, 1, 4"
19151,03/06/2025 16:29:35,4,Input : Substrate,"Rack 6x15 ICP robotic, Deck 16-17 Waste 1, 1, 4"
19198,03/06/2025 16:29:35,4,Input : Substrate,"Rack 6x15 ICP robotic, Deck 16-17 Waste 1, 1, 4"
19249,03/06/2025 16:29:40,4,Input : Substrate,"Rack 6x15 ICP robotic, Deck 16-17 Waste 1, 1, 4"
19296,03/06/2025 16:29:40,4,Input : Substrate,"Rack 6x15 ICP robotic, Deck 16-17 Waste 1, 1, 4"
19330,03/06/2025 16:29:44,4,Output : Volume Dispensed,250
19368,03/06/2025 16:29:46,4,Output : Volume Dispensed,1000
19413,03/06/2025 16:29:50,4,Input : Substrate,"Rack 6x15 ICP robotic, Deck 16-17 Waste 1, 1, 4"
19460,03/06/2025 16:29:50,4,Input : Substrate,"Rack 6x15 ICP robotic, Deck 16-17 Waste 1, 1, 4"
20796,03/06/2025 16:30:36,5,Input : Substrate,"Rack 3x4 six Kaufmann H-cells, Deck 12-13 Heat-Cool-Stir 1, 2, 1"
20819,03/06/2025 16:30:36,5,Input : Substrate,"Rack 3x4 six Kaufmann H-cells, Deck 12-13 Heat-Cool-Stir 1, 2, 1"
20859,03/06/2025 16:30:36,5,Input : Substrate,"Rack 3x4 six Kaufmann H-cells, Deck 12-13 Heat-Cool-Stir 1, 2, 1"
20906,03/06/2025 16:30:37,5,Input : Substrate,"Rack 3x4 six Kaufmann H-cells, Deck 12-13 Heat-Cool-Stir 1, 2, 1"
20977,03/06/2025 16:30:48,5,Input : Substrate,"Rack 3x4 six Kaufmann H-cells, Deck 12-13 Heat-Cool-Stir 1, 2, 1"
21024,03/06/2025 16:30:48,5,Input : Substrate,"Rack 3x4 six Kaufmann H-cells, Deck 12-13 Heat-Cool-Stir 1, 2, 1"
21065,03/06/2025 16:30:52,5,Output : Volume Dispensed,250
21085,03/06/2025 16:30:55,5,Input : Substrate,"Rack 3x4 six Kaufmann H-cells, Deck 12-13 Heat-Cool-Stir 1, 2, 1"
21132,03/06/2025 16:30:55,5,Input : Substrate,"Rack 3x4 six Kaufmann H-cells, Deck 12-13 Heat-Cool-Stir 1, 2, 1"
22815,03/06/2025 16:31:46,5,Input : Substrate,"Rack 3x4 six Kaufmann H-cells, Deck 12-13 Heat-Cool-Stir 1, 1, 1"
22829,03/06/2025 16:31:46,5,Input : Substrate,"Rack 3x4 six Kaufmann H-cells, Deck 12-13 Heat-Cool-Stir 1, 1, 1"
22914,03/06/2025 16:31:47,5,Input : Substrate,"Rack 3x4 six Kaufmann H-cells, Deck 12-13 Heat-Cool-Stir 1, 1, 1"
22961,03/06/2025 16:31:47,5,Input : Substrate,"Rack 3x4 six Kaufmann H-cells, Deck 12-13 Heat-Cool-Stir 1, 1, 1"
23109,03/06/2025 16:32:01,5,Input : Substrate,"Rack 3x4 six Kaufmann H-cells, Deck 12-13 Heat-Cool-Stir 1, 1, 1"
23156,03/06/2025 16:32:01,5,Input : Substrate,"Rack 3x4 six Kaufmann H-cells, Deck 12-13 Heat-Cool-Stir 1, 1, 1"
23186,03/06/2025 16:32:02,5,Input : Substrate,"Rack 3x4 six Kaufmann H-cells, Deck 12-13 Heat-Cool-Stir 1, 1, 1"
23233,03/06/2025 16:32:03,5,Input : Substrate,"Rack 3x4 six Kaufmann H-cells, Deck 12-13 Heat-Cool-Stir 1, 1, 1"
23337,03/06/2025 16:32:14,5,Input : Substrate,"Rack 3x4 six Kaufmann H-cells, Deck 12-13 Heat-Cool-Stir 1, 1, 1"
23384,03/06/2025 16:32:14,5,Input : Substrate,"Rack 3x4 six Kaufmann H-cells, Deck 12-13 Heat-Cool-Stir 1, 1, 1"
23418,03/06/2025 16:32:19,5,Input : Substrate,"Rack 3x4 six Kaufmann H-cells, Deck 12-13 Heat-Cool-Stir 1, 1, 1"
23465,03/06/2025 16:32:19,5,Input : Substrate,"Rack 3x4 six Kaufmann H-cells, Deck 12-13 Heat-Cool-Stir 1, 1, 1"
23726,03/06/2025 16:32:23,5,Input : Substrate,"Rack 6x15 ICP robotic, Deck 16-17 Waste 1, 1, 5"
23749,03/06/2025 16:32:23,5,Input : Substrate,"Rack 6x15 ICP robotic, Deck 16-17 Waste 1, 1, 5"
23772,03/06/2025 16:32:23,5,Input : Substrate,"Rack 6x15 ICP robotic, Deck 16-17 Waste 1, 1, 5"
23819,03/06/2025 16:32:23,5,Input : Substrate,"Rack 6x15 ICP robotic, Deck 16-17 Waste 1, 1, 5"
23870,03/06/2025 16:32:28,5,Input : Substrate,"Rack 6x15 ICP robotic, Deck 16-17 Waste 1, 1, 5"
23917,03/06/2025 16:32:28,5,Input : Substrate,"Rack 6x15 ICP robotic, Deck 16-17 Waste 1, 1, 5"
23951,03/06/2025 16:32:32,5,Output : Volume Dispensed,250
23989,03/06/2025 16:32:34,5,Output : Volume Dispensed,1000
24034,03/06/2025 16:32:38,5,Input : Substrate,"Rack 6x15 ICP robotic, Deck 16-17 Waste 1, 1, 5"
24081,03/06/2025 16:32:38,5,Input : Substrate,"Rack 6x15 ICP robotic, Deck 16-17 Waste 1, 1, 5"
25373,03/06/2025 16:33:23,1,Input : Substrate,"Rack 3x4 six Kaufmann H-cells, Deck 12-13 Heat-Cool-Stir 1, 1, 1"
25396,03/06/2025 16:33:23,1,Input : Substrate,"Rack 3x4 six Kaufmann H-cells, Deck 12-13 Heat-Cool-Stir 1, 1, 1"
25436,03/06/2025 16:33:23,1,Input : Substrate,"Rack 3x4 six Kaufmann H-cells, Deck 12-13 Heat-Cool-Stir 1, 1, 1"
25483,03/06/2025 16:33:24,1,Input : Substrate,"Rack 3x4 six Kaufmann H-cells, Deck 12-13 Heat-Cool-Stir 1, 1, 1"
25554,03/06/2025 16:33:35,1,Input : Substrate,"Rack 3x4 six Kaufmann H-cells, Deck 12-13 Heat-Cool-Stir 1, 1, 1"
25601,03/06/2025 16:33:35,1,Input : Substrate,"Rack 3x4 six Kaufmann H-cells, Deck 12-13 Heat-Cool-Stir 1, 1, 1"
25642,03/06/2025 16:33:38,1,Output : Volume Dispensed,250
25662,03/06/2025 16:33:42,1,Input : Substrate,"Rack 3x4 six Kaufmann H-cells, Deck 12-13 Heat-Cool-Stir 1, 1, 1"
25709,03/06/2025 16:33:42,1,Input : Substrate,"Rack 3x4 six Kaufmann H-cells, Deck 12-13 Heat-Cool-Stir 1, 1, 1"
27436,03/06/2025 16:34:34,6,Input : Substrate,"Rack 3x4 six Kaufmann H-cells, Deck 12-13 Heat-Cool-Stir 1, 2, 1"
27450,03/06/2025 16:34:34,6,Input : Substrate,"Rack 3x4 six Kaufmann H-cells, Deck 12-13 Heat-Cool-Stir 1, 2, 1"
27535,03/06/2025 16:34:35,6,Input : Substrate,"Rack 3x4 six Kaufmann H-cells, Deck 12-13 Heat-Cool-Stir 1, 2, 1"
27582,03/06/2025 16:34:35,6,Input : Substrate,"Rack 3x4 six Kaufmann H-cells, Deck 12-13 Heat-Cool-Stir 1, 2, 1"
27730,03/06/2025 16:34:49,6,Input : Substrate,"Rack 3x4 six Kaufmann H-cells, Deck 12-13 Heat-Cool-Stir 1, 2, 1"
27777,03/06/2025 16:34:49,6,Input : Substrate,"Rack 3x4 six Kaufmann H-cells, Deck 12-13 Heat-Cool-Stir 1, 2, 1"
27807,03/06/2025 16:34:51,6,Input : Substrate,"Rack 3x4 six Kaufmann H-cells, Deck 12-13 Heat-Cool-Stir 1, 2, 1"
27854,03/06/2025 16:34:51,6,Input : Substrate,"Rack 3x4 six Kaufmann H-cells, Deck 12-13 Heat-Cool-Stir 1, 2, 1"
27958,03/06/2025 16:35:02,6,Input : Substrate,"Rack 3x4 six Kaufmann H-cells, Deck 12-13 Heat-Cool-Stir 1, 2, 1"
28005,03/06/2025 16:35:03,6,Input : Substrate,"Rack 3x4 six Kaufmann H-cells, Deck 12-13 Heat-Cool-Stir 1, 2, 1"
28039,03/06/2025 16:35:07,6,Input : Substrate,"Rack 3x4 six Kaufmann H-cells, Deck 12-13 Heat-Cool-Stir 1, 2, 1"
28086,03/06/2025 16:35:08,6,Input : Substrate,"Rack 3x4 six Kaufmann H-cells, Deck 12-13 Heat-Cool-Stir 1, 2, 1"
28331,03/06/2025 16:35:11,6,Input : Substrate,"Rack 6x15 ICP robotic, Deck 16-17 Waste 1, 1, 6"
28354,03/06/2025 16:35:11,6,Input : Substrate,"Rack 6x15 ICP robotic, Deck 16-17 Waste 1, 1, 6"
28377,03/06/2025 16:35:11,6,Input : Substrate,"Rack 6x15 ICP robotic, Deck 16-17 Waste 1, 1, 6"
28424,03/06/2025 16:35:11,6,Input : Substrate,"Rack 6x15 ICP robotic, Deck 16-17 Waste 1, 1, 6"
28475,03/06/2025 16:35:16,6,Input : Substrate,"Rack 6x15 ICP robotic, Deck 16-17 Waste 1, 1, 6"
28522,03/06/2025 16:35:16,6,Input : Substrate,"Rack 6x15 ICP robotic, Deck 16-17 Waste 1, 1, 6"
28556,03/06/2025 16:35:20,6,Output : Volume Dispensed,250
28594,03/06/2025 16:35:23,6,Output : Volume Dispensed,1000
28639,03/06/2025 16:35:26,6,Input : Substrate,"Rack 6x15 ICP robotic, Deck 16-17 Waste 1, 1, 6"
28686,03/06/2025 16:35:27,6,Input : Substrate,"Rack 6x15 ICP robotic, Deck 16-17 Waste 1, 1, 6"
30006,03/06/2025 16:36:12,5,Input : Substrate,"Rack 3x4 six Kaufmann H-cells, Deck 12-13 Heat-Cool-Stir 1, 2, 1"
30029,03/06/2025 16:36:12,5,Input : Substrate,"Rack 3x4 six Kaufmann H-cells, Deck 12-13 Heat-Cool-Stir 1, 2, 1"
30069,03/06/2025 16:36:13,5,Input : Substrate,"Rack 3x4 six Kaufmann H-cells, Deck 12-13 Heat-Cool-Stir 1, 2, 1"
30116,03/06/2025 16:36:13,5,Input : Substrate,"Rack 3x4 six Kaufmann H-cells, Deck 12-13 Heat-Cool-Stir 1, 2, 1"
30187,03/06/2025 16:36:24,5,Input : Substrate,"Rack 3x4 six Kaufmann H-cells, Deck 12-13 Heat-Cool-Stir 1, 2, 1"
30234,03/06/2025 16:36:24,5,Input : Substrate,"Rack 3x4 six Kaufmann H-cells, Deck 12-13 Heat-Cool-Stir 1, 2, 1"
30275,03/06/2025 16:36:28,5,Output : Volume Dispensed,250
30295,03/06/2025 16:36:31,5,Input : Substrate,"Rack 3x4 six Kaufmann H-cells, Deck 12-13 Heat-Cool-Stir 1, 2, 1"
30342,03/06/2025 16:36:32,5,Input : Substrate,"Rack 3x4 six Kaufmann H-cells, Deck 12-13 Heat-Cool-Stir 1, 2, 1"
