{
    "code": "1R3V0",
    "rack": {
        "name": "Rack 6x15 ICP robotic",
        "type": "ICP90",
        "instrument": "BK",
        "position": "Deck 16-17 Waste 1",
        "label": "",
        "code": null,
        "holder": null,
        "items": 90,
        "layout": "rectangular",
        "rows": 6,
        "columns": 15
    },
    "route": {
        "ready": "no",
        "type": "active",
        "priority": "clear",
        "route": [
            "UR5",
            "Storage",
            "UR5",
            "ICP",
            "UR5",
            "Trash"
        ],
        "step": 0,
        "datetimes": []
    },
    "creator": {
        "location": "BK",
        "position": "Deck 16-17 Waste 1",
        "ID": "ICP1",
        "protocol": 1084,
        "datetime": "2025-02-26 19:07:01.118270",
        "content": {
            "ICP1:A1": {
                "composition": {
                    "solvent": 0.9999998000002001,
                    "mixture1": 1.999998000101755e-07
                },
                "constitution": {
                    "Na": 3.9999960002035095e-06,
                    "Y": 9.999990000508774e-07
                },
                "volume": 1250,
                "timestamp": "20250226_190658",
                "parents": [
                    "plate1:A1",
                    "solvent"
                ],
                "parent_volumes": [
                    250,
                    1000
                ],
                "type": "analyte",
                "container": "ICP tube",
                "name": ""
            },
            "ICP1:A2": {
                "composition": {
                    "solvent": 0.9999998000002001,
                    "mixture2": 1.999998000101755e-07
                },
                "constitution": {
                    "K": 3.9999960002035095e-06,
                    "Y": 9.999990000508774e-07
                },
                "volume": 1250,
                "timestamp": "20250226_190658",
                "parents": [
                    "plate1:B1",
                    "solvent"
                ],
                "parent_volumes": [
                    250,
                    1000
                ],
                "type": "analyte",
                "container": "ICP tube",
                "name": ""
            },
            "ICP1:A3": {
                "composition": {
                    "solvent": 0.9999998005001991,
                    "mixture1": 1.9949980101014904e-07
                },
                "constitution": {
                    "Na": 3.989996020202981e-06,
                    "Y": 9.974990050507452e-07
                },
                "volume": 1250,
                "timestamp": "20250226_190658",
                "parents": [
                    "plate1:A1",
                    "solvent"
                ],
                "parent_volumes": [
                    250,
                    1000
                ],
                "type": "analyte",
                "container": "ICP tube",
                "name": ""
            },
            "ICP1:A4": {
                "composition": {
                    "solvent": 0.9999998005001991,
                    "mixture2": 1.9949980101014904e-07
                },
                "constitution": {
                    "K": 3.989996020202981e-06,
                    "Y": 9.974990050507452e-07
                },
                "volume": 1250,
                "timestamp": "20250226_190658",
                "parents": [
                    "plate1:B1",
                    "solvent"
                ],
                "parent_volumes": [
                    250,
                    1000
                ],
                "type": "analyte",
                "container": "ICP tube",
                "name": ""
            },
            "ICP1:A5": {
                "composition": {
                    "solvent": 0.999999800998948,
                    "mixture1": 1.9900105200637268e-07
                },
                "constitution": {
                    "Na": 3.980021040127453e-06,
                    "Y": 9.950052600318633e-07
                },
                "volume": 1250,
                "timestamp": "20250226_190658",
                "parents": [
                    "plate1:A1",
                    "solvent"
                ],
                "parent_volumes": [
                    250,
                    1000
                ],
                "type": "analyte",
                "container": "ICP tube",
                "name": ""
            },
            "ICP1:A6": {
                "composition": {
                    "solvent": 0.999999800998948,
                    "mixture2": 1.9900105200637268e-07
                },
                "constitution": {
                    "K": 3.980021040127453e-06,
                    "Y": 9.950052600318633e-07
                },
                "volume": 1250,
                "timestamp": "20250226_190658",
                "parents": [
                    "plate1:B1",
                    "solvent"
                ],
                "parent_volumes": [
                    250,
                    1000
                ],
                "type": "analyte",
                "container": "ICP tube",
                "name": ""
            },
            "ICP1:A7": {
                "composition": {
                    "solvent": 0.9999998014964502,
                    "mixture1": 1.9850354987385885e-07
                },
                "constitution": {
                    "Na": 3.970070997477177e-06,
                    "Y": 9.925177493692942e-07
                },
                "volume": 1250,
                "timestamp": "20250226_190658",
                "parents": [
                    "plate1:A1",
                    "solvent"
                ],
                "parent_volumes": [
                    250,
                    1000
                ],
                "type": "analyte",
                "container": "ICP tube",
                "name": ""
            },
            "ICP1:A8": {
                "composition": {
                    "solvent": 0.9999998014964502,
                    "mixture2": 1.9850354987385885e-07
                },
                "constitution": {
                    "K": 3.970070997477177e-06,
                    "Y": 9.925177493692942e-07
                },
                "volume": 1250,
                "timestamp": "20250226_190658",
                "parents": [
                    "plate1:B1",
                    "solvent"
                ],
                "parent_volumes": [
                    250,
                    1000
                ],
                "type": "analyte",
                "container": "ICP tube",
                "name": ""
            },
            "ICP1:A9": {
                "composition": {
                    "solvent": 0.9999998019927085,
                    "mixture1": 1.980072914954326e-07
                },
                "constitution": {
                    "Na": 3.960145829908651e-06,
                    "Y": 9.900364574771627e-07
                },
                "volume": 1250,
                "timestamp": "20250226_190658",
                "parents": [
                    "plate1:A1",
                    "solvent"
                ],
                "parent_volumes": [
                    250,
                    1000
                ],
                "type": "analyte",
                "container": "ICP tube",
                "name": ""
            },
            "ICP1:A10": {
                "composition": {
                    "solvent": 0.9999998019927085,
                    "mixture2": 1.980072914954326e-07
                },
                "constitution": {
                    "K": 3.960145829908651e-06,
                    "Y": 9.900364574771627e-07
                },
                "volume": 1250,
                "timestamp": "20250226_190658",
                "parents": [
                    "plate1:B1",
                    "solvent"
                ],
                "parent_volumes": [
                    250,
                    1000
                ],
                "type": "analyte",
                "container": "ICP tube",
                "name": ""
            },
            "ICP1:A11": {
                "composition": {
                    "solvent": 0.9999998024877262,
                    "mixture1": 1.9751227376171175e-07
                },
                "constitution": {
                    "Na": 3.950245475234234e-06,
                    "Y": 9.875613688085585e-07
                },
                "volume": 1250,
                "timestamp": "20250226_190658",
                "parents": [
                    "plate1:A1",
                    "solvent"
                ],
                "parent_volumes": [
                    250,
                    1000
                ],
                "type": "analyte",
                "container": "ICP tube",
                "name": ""
            },
            "ICP1:A12": {
                "composition": {
                    "solvent": 0.9999998024877262,
                    "mixture2": 1.9751227376171175e-07
                },
                "constitution": {
                    "K": 3.950245475234234e-06,
                    "Y": 9.875613688085585e-07
                },
                "volume": 1250,
                "timestamp": "20250226_190658",
                "parents": [
                    "plate1:B1",
                    "solvent"
                ],
                "parent_volumes": [
                    250,
                    1000
                ],
                "type": "analyte",
                "container": "ICP tube",
                "name": ""
            },
            "ICP1:A13": {
                "composition": {
                    "solvent": 0.9999998029815065,
                    "mixture1": 1.9701849357108765e-07
                },
                "constitution": {
                    "Na": 3.940369871421752e-06,
                    "Y": 9.85092467855438e-07
                },
                "volume": 1250,
                "timestamp": "20250226_190658",
                "parents": [
                    "plate1:A1",
                    "solvent"
                ],
                "parent_volumes": [
                    250,
                    1000
                ],
                "type": "analyte",
                "container": "ICP tube",
                "name": ""
            },
            "ICP1:A14": {
                "composition": {
                    "solvent": 0.9999998029815065,
                    "mixture2": 1.9701849357108765e-07
                },
                "constitution": {
                    "K": 3.940369871421752e-06,
                    "Y": 9.85092467855438e-07
                },
                "volume": 1250,
                "timestamp": "20250226_190658",
                "parents": [
                    "plate1:B1",
                    "solvent"
                ],
                "parent_volumes": [
                    250,
                    1000
                ],
                "type": "analyte",
                "container": "ICP tube",
                "name": ""
            },
            "ICP1:A15": {
                "composition": {
                    "solvent": 0.9999998034740523,
                    "mixture1": 1.9652594782970569e-07
                },
                "constitution": {
                    "Na": 3.930518956594113e-06,
                    "Y": 9.826297391485282e-07
                },
                "volume": 1250,
                "timestamp": "20250226_190658",
                "parents": [
                    "plate1:A1",
                    "solvent"
                ],
                "parent_volumes": [
                    250,
                    1000
                ],
                "type": "analyte",
                "container": "ICP tube",
                "name": ""
            }
        }
    }
}