{
    "2": [
        null,
        "plate1"
    ],
    "3": [
        "source1",
        "plate1"
    ],
    "4": [
        "source1",
        "plate1"
    ],
    "5": [
        null,
        "ICP1"
    ],
    "6": [
        "plate1",
        "ICP1"
    ],
    "7": [
        null,
        "plate1"
    ],
    "9": [
        null,
        "ICP1"
    ],
    "10": [
        "plate1",
        "ICP1"
    ],
    "11": [
        null,
        "plate1"
    ],
    "13": [
        null,
        "ICP1"
    ],
    "14": [
        "plate1",
        "ICP1"
    ],
    "15": [
        null,
        "plate1"
    ],
    "17": [
        null,
        "ICP1"
    ],
    "18": [
        "plate1",
        "ICP1"
    ],
    "19": [
        null,
        "plate1"
    ],
    "21": [
        null,
        "ICP1"
    ],
    "22": [
        "plate1",
        "ICP1"
    ],
    "23": [
        null,
        "plate1"
    ],
    "25": [
        null,
        "ICP1"
    ],
    "26": [
        "plate1",
        "ICP1"
    ],
    "27": [
        null,
        "plate1"
    ],
    "29": [
        null,
        "ICP1"
    ],
    "30": [
        "plate1",
        "ICP1"
    ],
    "31": [
        null,
        "plate1"
    ],
    "33": [
        null,
        "ICP1"
    ],
    "34": [
        "plate1",
        "ICP1"
    ],
    "35": [
        null,
        "plate1"
    ],
    "37": [
        null,
        "ICP1"
    ],
    "38": [
        "plate1",
        "ICP1"
    ],
    "39": [
        null,
        "plate1"
    ],
    "41": [
        null,
        "ICP1"
    ],
    "42": [
        "plate1",
        "ICP1"
    ],
    "43": [
        null,
        "plate1"
    ],
    "45": [
        null,
        "ICP1"
    ],
    "46": [
        "plate1",
        "ICP1"
    ],
    "47": [
        null,
        "plate1"
    ],
    "49": [
        null,
        "ICP1"
    ],
    "50": [
        "plate1",
        "ICP1"
    ],
    "51": [
        null,
        "plate1"
    ],
    "53": [
        null,
        "ICP1"
    ],
    "54": [
        "plate1",
        "ICP1"
    ],
    "55": [
        null,
        "plate1"
    ],
    "57": [
        null,
        "ICP1"
    ],
    "58": [
        "plate1",
        "ICP1"
    ],
    "59": [
        null,
        "plate1"
    ],
    "61": [
        null,
        "ICP1"
    ],
    "62": [
        "plate1",
        "ICP1"
    ],
    "63": [
        null,
        "plate1"
    ]
}