{
    "solvent": {
        "composition": {
            "solvent": 1.0
        },
        "constitution": {},
        "volume": 0,
        "timestamp": "",
        "parents": [],
        "parent_volumes": [],
        "type": "solvent",
        "container": "",
        "name": "solvent"
    },
    "source1:A1": {
        "composition": {
            "mixture1": 1.0
        },
        "constitution": {
            "Na": 20.0,
            "Y": 5
        },
        "volume": 0,
        "timestamp": "",
        "parents": [],
        "parent_volumes": [],
        "type": "source",
        "container": "",
        "name": "mixture1"
    },
    "source1:A2": {
        "composition": {
            "mixture2": 1.0
        },
        "constitution": {
            "K": 20.0,
            "Y": 5
        },
        "volume": 0,
        "timestamp": "",
        "parents": [],
        "parent_volumes": [],
        "type": "source",
        "container": "",
        "name": "mixture2"
    },
    "source1:A3": {
        "composition": {
            "mixture3": 1.0
        },
        "constitution": {
            "Mg": 20.0,
            "Y": 5
        },
        "volume": 0,
        "timestamp": "",
        "parents": [],
        "parent_volumes": [],
        "type": "source",
        "container": "",
        "name": "mixture3"
    },
    "source1:A4": {
        "composition": {
            "mixture4": 1.0
        },
        "constitution": {
            "Ca": 20.0,
            "Y": 5
        },
        "volume": 0,
        "timestamp": "",
        "parents": [],
        "parent_volumes": [],
        "type": "source",
        "container": "",
        "name": "mixture4"
    },
    "source1:B1": {
        "composition": {
            "mixture5": 1.0
        },
        "constitution": {
            "Mn": 20.0,
            "Y": 5
        },
        "volume": 0,
        "timestamp": "",
        "parents": [],
        "parent_volumes": [],
        "type": "source",
        "container": "",
        "name": "mixture5"
    },
    "source1:B2": {
        "composition": {
            "mixture6": 1.0
        },
        "constitution": {
            "Y": 20
        },
        "volume": 0,
        "timestamp": "",
        "parents": [],
        "parent_volumes": [],
        "type": "source",
        "container": "",
        "name": "mixture6"
    },
    "plate1:A1": {
        "composition": {
            "solvent": 0.9999990198268327,
            "mixture1": 9.80173167257229e-07
        },
        "constitution": {
            "Na": 1.9603463345144576e-05,
            "Y": 4.900865836286144e-06
        },
        "volume": 100000.1,
        "timestamp": "20250226_190658",
        "parents": [
            "solvent",
            "source1:A1",
            "solvent",
            "solvent",
            "solvent",
            "solvent",
            "solvent",
            "solvent",
            "solvent",
            "solvent"
        ],
        "parent_volumes": [
            98017.41473815076,
            0.09801741473815075,
            245.65768043231407,
            246.27336322469301,
            246.8905890801676,
            247.50936186605995,
            248.12968545938483,
            248.75156374687373,
            249.37500062499936,
            250
        ],
        "type": "sample",
        "container": "glass vial",
        "name": ""
    },
    "plate1:A2": {
        "composition": {
            "solvent": 1.0
        },
        "constitution": {},
        "volume": 100000.0,
        "timestamp": "20250226_190658",
        "parents": [
            "solvent"
        ],
        "parent_volumes": [
            100000.0
        ],
        "type": "sample",
        "container": "glass vial",
        "name": ""
    },
    "plate1:A3": {
        "composition": {
            "solvent": 1.0
        },
        "constitution": {},
        "volume": 100000.0,
        "timestamp": "20250226_190658",
        "parents": [
            "solvent"
        ],
        "parent_volumes": [
            100000.0
        ],
        "type": "sample",
        "container": "glass vial",
        "name": ""
    },
    "plate1:A4": {
        "composition": {
            "solvent": 1.0
        },
        "constitution": {},
        "volume": 100000.0,
        "timestamp": "20250226_190658",
        "parents": [
            "solvent"
        ],
        "parent_volumes": [
            100000.0
        ],
        "type": "sample",
        "container": "glass vial",
        "name": ""
    },
    "plate1:B1": {
        "composition": {
            "solvent": 0.9999990173702608,
            "mixture2": 9.826297391485284e-07
        },
        "constitution": {
            "K": 1.9652594782970564e-05,
            "Y": 4.913148695742641e-06
        },
        "volume": 100000.1,
        "timestamp": "20250226_190658",
        "parents": [
            "solvent",
            "source1:A2",
            "solvent",
            "solvent",
            "solvent",
            "solvent",
            "solvent",
            "solvent",
            "solvent"
        ],
        "parent_volumes": [
            98263.07217292565,
            0.09826307217292563,
            246.27336322469301,
            246.8905890801676,
            247.50936186605995,
            248.12968545938483,
            248.75156374687373,
            249.37500062499936,
            250
        ],
        "type": "sample",
        "container": "glass vial",
        "name": ""
    },
    "plate1:B2": {
        "composition": {
            "solvent": 1.0
        },
        "constitution": {},
        "volume": 100000.0,
        "timestamp": "20250226_190658",
        "parents": [
            "solvent"
        ],
        "parent_volumes": [
            100000.0
        ],
        "type": "sample",
        "container": "glass vial",
        "name": ""
    },
    "plate1:B3": {
        "composition": {
            "solvent": 1.0
        },
        "constitution": {},
        "volume": 100000.0,
        "timestamp": "20250226_190658",
        "parents": [
            "solvent"
        ],
        "parent_volumes": [
            100000.0
        ],
        "type": "sample",
        "container": "glass vial",
        "name": ""
    },
    "plate1:B4": {
        "composition": {
            "solvent": 1.0
        },
        "constitution": {},
        "volume": 100000.0,
        "timestamp": "20250226_190658",
        "parents": [
            "solvent"
        ],
        "parent_volumes": [
            100000.0
        ],
        "type": "sample",
        "container": "glass vial",
        "name": ""
    },
    "plate1:C1": {
        "composition": {
            "solvent": 1.0
        },
        "constitution": {},
        "volume": 100000.0,
        "timestamp": "20250226_190658",
        "parents": [
            "solvent"
        ],
        "parent_volumes": [
            100000.0
        ],
        "type": "sample",
        "container": "glass vial",
        "name": ""
    },
    "plate1:C2": {
        "composition": {
            "solvent": 1.0
        },
        "constitution": {},
        "volume": 100000.0,
        "timestamp": "20250226_190658",
        "parents": [
            "solvent"
        ],
        "parent_volumes": [
            100000.0
        ],
        "type": "sample",
        "container": "glass vial",
        "name": ""
    },
    "plate1:C3": {
        "composition": {
            "solvent": 1.0
        },
        "constitution": {},
        "volume": 100000.0,
        "timestamp": "20250226_190658",
        "parents": [
            "solvent"
        ],
        "parent_volumes": [
            100000.0
        ],
        "type": "sample",
        "container": "glass vial",
        "name": ""
    },
    "plate1:C4": {
        "composition": {
            "solvent": 1.0
        },
        "constitution": {},
        "volume": 100000.0,
        "timestamp": "20250226_190658",
        "parents": [
            "solvent"
        ],
        "parent_volumes": [
            100000.0
        ],
        "type": "sample",
        "container": "glass vial",
        "name": ""
    },
    "ICP1:A1": {
        "composition": {
            "solvent": 0.9999998000002001,
            "mixture1": 1.999998000101755e-07
        },
        "constitution": {
            "Na": 3.9999960002035095e-06,
            "Y": 9.999990000508774e-07
        },
        "volume": 1250,
        "timestamp": "20250226_190658",
        "parents": [
            "plate1:A1",
            "solvent"
        ],
        "parent_volumes": [
            250,
            1000
        ],
        "type": "sample",
        "container": "ICP tube",
        "name": ""
    },
    "ICP1:A2": {
        "composition": {
            "solvent": 0.9999998000002001,
            "mixture2": 1.999998000101755e-07
        },
        "constitution": {
            "K": 3.9999960002035095e-06,
            "Y": 9.999990000508774e-07
        },
        "volume": 1250,
        "timestamp": "20250226_190658",
        "parents": [
            "plate1:B1",
            "solvent"
        ],
        "parent_volumes": [
            250,
            1000
        ],
        "type": "sample",
        "container": "ICP tube",
        "name": ""
    },
    "ICP1:A3": {
        "composition": {
            "solvent": 0.9999998005001991,
            "mixture1": 1.9949980101014904e-07
        },
        "constitution": {
            "Na": 3.989996020202981e-06,
            "Y": 9.974990050507452e-07
        },
        "volume": 1250,
        "timestamp": "20250226_190658",
        "parents": [
            "plate1:A1",
            "solvent"
        ],
        "parent_volumes": [
            250,
            1000
        ],
        "type": "sample",
        "container": "ICP tube",
        "name": ""
    },
    "ICP1:A4": {
        "composition": {
            "solvent": 0.9999998005001991,
            "mixture2": 1.9949980101014904e-07
        },
        "constitution": {
            "K": 3.989996020202981e-06,
            "Y": 9.974990050507452e-07
        },
        "volume": 1250,
        "timestamp": "20250226_190658",
        "parents": [
            "plate1:B1",
            "solvent"
        ],
        "parent_volumes": [
            250,
            1000
        ],
        "type": "sample",
        "container": "ICP tube",
        "name": ""
    },
    "ICP1:A5": {
        "composition": {
            "solvent": 0.999999800998948,
            "mixture1": 1.9900105200637268e-07
        },
        "constitution": {
            "Na": 3.980021040127453e-06,
            "Y": 9.950052600318633e-07
        },
        "volume": 1250,
        "timestamp": "20250226_190658",
        "parents": [
            "plate1:A1",
            "solvent"
        ],
        "parent_volumes": [
            250,
            1000
        ],
        "type": "sample",
        "container": "ICP tube",
        "name": ""
    },
    "ICP1:A6": {
        "composition": {
            "solvent": 0.999999800998948,
            "mixture2": 1.9900105200637268e-07
        },
        "constitution": {
            "K": 3.980021040127453e-06,
            "Y": 9.950052600318633e-07
        },
        "volume": 1250,
        "timestamp": "20250226_190658",
        "parents": [
            "plate1:B1",
            "solvent"
        ],
        "parent_volumes": [
            250,
            1000
        ],
        "type": "sample",
        "container": "ICP tube",
        "name": ""
    },
    "ICP1:A7": {
        "composition": {
            "solvent": 0.9999998014964502,
            "mixture1": 1.9850354987385885e-07
        },
        "constitution": {
            "Na": 3.970070997477177e-06,
            "Y": 9.925177493692942e-07
        },
        "volume": 1250,
        "timestamp": "20250226_190658",
        "parents": [
            "plate1:A1",
            "solvent"
        ],
        "parent_volumes": [
            250,
            1000
        ],
        "type": "sample",
        "container": "ICP tube",
        "name": ""
    },
    "ICP1:A8": {
        "composition": {
            "solvent": 0.9999998014964502,
            "mixture2": 1.9850354987385885e-07
        },
        "constitution": {
            "K": 3.970070997477177e-06,
            "Y": 9.925177493692942e-07
        },
        "volume": 1250,
        "timestamp": "20250226_190658",
        "parents": [
            "plate1:B1",
            "solvent"
        ],
        "parent_volumes": [
            250,
            1000
        ],
        "type": "sample",
        "container": "ICP tube",
        "name": ""
    },
    "ICP1:A9": {
        "composition": {
            "solvent": 0.9999998019927085,
            "mixture1": 1.980072914954326e-07
        },
        "constitution": {
            "Na": 3.960145829908651e-06,
            "Y": 9.900364574771627e-07
        },
        "volume": 1250,
        "timestamp": "20250226_190658",
        "parents": [
            "plate1:A1",
            "solvent"
        ],
        "parent_volumes": [
            250,
            1000
        ],
        "type": "sample",
        "container": "ICP tube",
        "name": ""
    },
    "ICP1:A10": {
        "composition": {
            "solvent": 0.9999998019927085,
            "mixture2": 1.980072914954326e-07
        },
        "constitution": {
            "K": 3.960145829908651e-06,
            "Y": 9.900364574771627e-07
        },
        "volume": 1250,
        "timestamp": "20250226_190658",
        "parents": [
            "plate1:B1",
            "solvent"
        ],
        "parent_volumes": [
            250,
            1000
        ],
        "type": "sample",
        "container": "ICP tube",
        "name": ""
    },
    "ICP1:A11": {
        "composition": {
            "solvent": 0.9999998024877262,
            "mixture1": 1.9751227376171175e-07
        },
        "constitution": {
            "Na": 3.950245475234234e-06,
            "Y": 9.875613688085585e-07
        },
        "volume": 1250,
        "timestamp": "20250226_190658",
        "parents": [
            "plate1:A1",
            "solvent"
        ],
        "parent_volumes": [
            250,
            1000
        ],
        "type": "sample",
        "container": "ICP tube",
        "name": ""
    },
    "ICP1:A12": {
        "composition": {
            "solvent": 0.9999998024877262,
            "mixture2": 1.9751227376171175e-07
        },
        "constitution": {
            "K": 3.950245475234234e-06,
            "Y": 9.875613688085585e-07
        },
        "volume": 1250,
        "timestamp": "20250226_190658",
        "parents": [
            "plate1:B1",
            "solvent"
        ],
        "parent_volumes": [
            250,
            1000
        ],
        "type": "sample",
        "container": "ICP tube",
        "name": ""
    },
    "ICP1:A13": {
        "composition": {
            "solvent": 0.9999998029815065,
            "mixture1": 1.9701849357108765e-07
        },
        "constitution": {
            "Na": 3.940369871421752e-06,
            "Y": 9.85092467855438e-07
        },
        "volume": 1250,
        "timestamp": "20250226_190658",
        "parents": [
            "plate1:A1",
            "solvent"
        ],
        "parent_volumes": [
            250,
            1000
        ],
        "type": "sample",
        "container": "ICP tube",
        "name": ""
    },
    "ICP1:A14": {
        "composition": {
            "solvent": 0.9999998029815065,
            "mixture2": 1.9701849357108765e-07
        },
        "constitution": {
            "K": 3.940369871421752e-06,
            "Y": 9.85092467855438e-07
        },
        "volume": 1250,
        "timestamp": "20250226_190658",
        "parents": [
            "plate1:B1",
            "solvent"
        ],
        "parent_volumes": [
            250,
            1000
        ],
        "type": "sample",
        "container": "ICP tube",
        "name": ""
    },
    "ICP1:A15": {
        "composition": {
            "solvent": 0.9999998034740523,
            "mixture1": 1.9652594782970569e-07
        },
        "constitution": {
            "Na": 3.930518956594113e-06,
            "Y": 9.826297391485282e-07
        },
        "volume": 1250,
        "timestamp": "20250226_190658",
        "parents": [
            "plate1:A1",
            "solvent"
        ],
        "parent_volumes": [
            250,
            1000
        ],
        "type": "sample",
        "container": "ICP tube",
        "name": ""
    }
}