{
    "source1": {
        "rows": 2,
        "columns": 4,
        "position": "Deck 10-11 Position 2",
        "kind": "Rack 2x4 20mL Vial",
        "type": "source",
        "status": "UsedByBK"
    },
    "plate1": {
        "rows": 3,
        "columns": 4,
        "position": "Deck 12-13 Heat-Cool-Stir 1",
        "kind": "Rack 3x4 six Kaufmann H-cells",
        "type": "sample",
        "status": "UsedByBK"
    },
    "ICP1": {
        "rows": 6,
        "columns": 15,
        "position": "Deck 16-17 Waste 1",
        "kind": "Rack 6x15 ICP robotic",
        "type": "sample",
        "status": "UsedByBK"
    }
}