<Symyx.AutomationStudio.Core.ChemicalManager>
	<Symyx.AutomationStudio.Core.ChemicalManager.Chemicals>
<Symyx.AutomationStudio.Core.ChemicalManager.Chemical>
  <Name>solvent</Name>
  <AmountLeft>-1</AmountLeft>
  <Color>65535</Color>
  <Column>0</Column>
  <Columns>0</Columns>
  <Empty>False</Empty>
  <Questionable>False</Questionable>
  <Row>0</Row>
  <Rows>0</Rows>
  <Size>0</Size>
  <SubstratePosition/>
  <SubstrateType/>
  <Type>stBackingSolvent</Type>
  <ValveResource>Syringe 1</ValveResource>
  <ValvePosition>1</ValvePosition>
  <Units>undefined</Units>
</Symyx.AutomationStudio.Core.ChemicalManager.Chemical>
<Symyx.AutomationStudio.Core.ChemicalManager.Chemical>
  <Name>mixture1</Name>
  <AmountLeft>20000</AmountLeft>
  <Color>48128</Color>
  <Column>1</Column>
  <Columns>0</Columns>
  <Empty>False</Empty>
  <Questionable>False</Questionable>
  <Row>1</Row>
  <Rows>0</Rows>
  <Size>22000.0</Size>
  <SubstratePosition>Deck 10-11 Position 2</SubstratePosition>
  <SubstrateType>Rack 2x4 20mL Vial</SubstrateType>
  <Type>stNormal</Type>
  <ValveResource/>
  <ValvePosition>0</ValvePosition>
  <Units>ul</Units>
</Symyx.AutomationStudio.Core.ChemicalManager.Chemical>
<Symyx.AutomationStudio.Core.ChemicalManager.Chemical>
  <Name>mixture2</Name>
  <AmountLeft>20000</AmountLeft>
  <Color>12297216</Color>
  <Column>2</Column>
  <Columns>0</Columns>
  <Empty>False</Empty>
  <Questionable>False</Questionable>
  <Row>1</Row>
  <Rows>0</Rows>
  <Size>22000.0</Size>
  <SubstratePosition>Deck 10-11 Position 2</SubstratePosition>
  <SubstrateType>Rack 2x4 20mL Vial</SubstrateType>
  <Type>stNormal</Type>
  <ValveResource/>
  <ValvePosition>0</ValvePosition>
  <Units>ul</Units>
</Symyx.AutomationStudio.Core.ChemicalManager.Chemical>
<Symyx.AutomationStudio.Core.ChemicalManager.Chemical>
  <Name>mixture3</Name>
  <AmountLeft>20000</AmountLeft>
  <Color>12124160</Color>
  <Column>3</Column>
  <Columns>0</Columns>
  <Empty>False</Empty>
  <Questionable>False</Questionable>
  <Row>1</Row>
  <Rows>0</Rows>
  <Size>22000.0</Size>
  <SubstratePosition>Deck 10-11 Position 2</SubstratePosition>
  <SubstrateType>Rack 2x4 20mL Vial</SubstrateType>
  <Type>stNormal</Type>
  <ValveResource/>
  <ValvePosition>0</ValvePosition>
  <Units>ul</Units>
</Symyx.AutomationStudio.Core.ChemicalManager.Chemical>
<Symyx.AutomationStudio.Core.ChemicalManager.Chemical>
  <Name>mixture4</Name>
  <AmountLeft>20000</AmountLeft>
  <Color>6053068</Color>
  <Column>4</Column>
  <Columns>0</Columns>
  <Empty>False</Empty>
  <Questionable>False</Questionable>
  <Row>1</Row>
  <Rows>0</Rows>
  <Size>22000.0</Size>
  <SubstratePosition>Deck 10-11 Position 2</SubstratePosition>
  <SubstrateType>Rack 2x4 20mL Vial</SubstrateType>
  <Type>stNormal</Type>
  <ValveResource/>
  <ValvePosition>0</ValvePosition>
  <Units>ul</Units>
</Symyx.AutomationStudio.Core.ChemicalManager.Chemical>
<Symyx.AutomationStudio.Core.ChemicalManager.Chemical>
  <Name>mixture5</Name>
  <AmountLeft>20000</AmountLeft>
  <Color>33279</Color>
  <Column>1</Column>
  <Columns>0</Columns>
  <Empty>False</Empty>
  <Questionable>False</Questionable>
  <Row>2</Row>
  <Rows>0</Rows>
  <Size>22000.0</Size>
  <SubstratePosition>Deck 10-11 Position 2</SubstratePosition>
  <SubstrateType>Rack 2x4 20mL Vial</SubstrateType>
  <Type>stNormal</Type>
  <ValveResource/>
  <ValvePosition>0</ValvePosition>
  <Units>ul</Units>
</Symyx.AutomationStudio.Core.ChemicalManager.Chemical>
<Symyx.AutomationStudio.Core.ChemicalManager.Chemical>
  <Name>mixture6</Name>
  <AmountLeft>20000</AmountLeft>
  <Color>65426</Color>
  <Column>2</Column>
  <Columns>0</Columns>
  <Empty>False</Empty>
  <Questionable>False</Questionable>
  <Row>2</Row>
  <Rows>0</Rows>
  <Size>22000.0</Size>
  <SubstratePosition>Deck 10-11 Position 2</SubstratePosition>
  <SubstrateType>Rack 2x4 20mL Vial</SubstrateType>
  <Type>stNormal</Type>
  <ValveResource/>
  <ValvePosition>0</ValvePosition>
  <Units>ul</Units>
</Symyx.AutomationStudio.Core.ChemicalManager.Chemical>
<Symyx.AutomationStudio.Core.ChemicalManager.Chemical>
  <Name>plate1</Name>
  <AmountLeft>-1</AmountLeft>
  <Color>42496</Color>
  <Column>0</Column>
  <Columns>0</Columns>
  <Empty>False</Empty>
  <Questionable>False</Questionable>
  <Row>0</Row>
  <Rows>0</Rows>
  <Size>0</Size>
  <SubstratePosition>Deck 12-13 Heat-Cool-Stir 1</SubstratePosition>
  <SubstrateType>Rack 3x4 six Kaufmann H-cells</SubstrateType>
  <Type>stPlate</Type>
  <ValveResource/>
  <ValvePosition>0</ValvePosition>
  <Units>undefined</Units>
</Symyx.AutomationStudio.Core.ChemicalManager.Chemical>
	</Symyx.AutomationStudio.Core.ChemicalManager.Chemicals>
	<Symyx.AutomationStudio.Core.ChemicalManager.Libraries>
		<Symyx.AutomationStudio.Core.ChemicalManager.Library>
			<LibraryID>5537</LibraryID>
			<Name>plate1</Name>
			<NumOfRows>3</NumOfRows>
			<NumOfCols>4</NumOfCols>
			<SubstrateType>Rack 3x4 six Kaufmann H-cells</SubstrateType>
			<SubstratePosition>Deck 12-13 Heat-Cool-Stir 1</SubstratePosition>
			<Symyx.AutomationStudio.Core.ChemicalManager.Wells />
		</Symyx.AutomationStudio.Core.ChemicalManager.Library>
		<Symyx.AutomationStudio.Core.ChemicalManager.Library>
			<LibraryID>5539</LibraryID>
			<Name>ICP1</Name>
			<NumOfRows>6</NumOfRows>
			<NumOfCols>15</NumOfCols>
			<SubstrateType>Rack 6x15 ICP robotic</SubstrateType>
			<SubstratePosition>Deck 16-17 Waste 1</SubstratePosition>
			<Symyx.AutomationStudio.Core.ChemicalManager.Wells />
		</Symyx.AutomationStudio.Core.ChemicalManager.Library>
	</Symyx.AutomationStudio.Core.ChemicalManager.Libraries>
</Symyx.AutomationStudio.Core.ChemicalManager>
<ChemicalsAndAssociatedDispenseModes>
<ChemicalManager>
  <Chemical Name="solvent" Mode="factory setting|ADT" />
  <Chemical Name="mixture1" Mode="factory setting|ADT" />
  <Chemical Name="mixture2" Mode="factory setting|ADT" />
  <Chemical Name="mixture3" Mode="factory setting|ADT" />
  <Chemical Name="mixture4" Mode="factory setting|ADT" />
  <Chemical Name="mixture5" Mode="factory setting|ADT" />
  <Chemical Name="mixture6" Mode="factory setting|ADT" />
  <Chemical Name="plate1" Mode="factory setting|ADT" />
</ChemicalManager>
</ChemicalsAndAssociatedDispenseModes>