index,timestamp,well,name,value
3455,03/05/2025 14:59:07,5,Input : Substrate,"Rack 3x4 six Kaufmann H-cells, Deck 12-13 Heat-Cool-Stir 1, 1, 1"
3469,03/05/2025 14:59:07,5,Input : Substrate,"Rack 3x4 six Kaufmann H-cells, Deck 12-13 Heat-Cool-Stir 1, 1, 1"
3554,03/05/2025 14:59:08,5,Input : Substrate,"Rack 3x4 six Kaufmann H-cells, Deck 12-13 Heat-Cool-Stir 1, 1, 1"
3601,03/05/2025 14:59:08,5,Input : Substrate,"Rack 3x4 six Kaufmann H-cells, Deck 12-13 Heat-Cool-Stir 1, 1, 1"
3749,03/05/2025 14:59:22,5,Input : Substrate,"Rack 3x4 six Kaufmann H-cells, Deck 12-13 Heat-Cool-Stir 1, 1, 1"
3796,03/05/2025 14:59:22,5,Input : Substrate,"Rack 3x4 six Kaufmann H-cells, Deck 12-13 Heat-Cool-Stir 1, 1, 1"
3826,03/05/2025 14:59:24,5,Input : Substrate,"Rack 3x4 six Kaufmann H-cells, Deck 12-13 Heat-Cool-Stir 1, 1, 1"
3873,03/05/2025 14:59:24,5,Input : Substrate,"Rack 3x4 six Kaufmann H-cells, Deck 12-13 Heat-Cool-Stir 1, 1, 1"
3977,03/05/2025 14:59:35,5,Input : Substrate,"Rack 3x4 six Kaufmann H-cells, Deck 12-13 Heat-Cool-Stir 1, 1, 1"
4024,03/05/2025 14:59:36,5,Input : Substrate,"Rack 3x4 six Kaufmann H-cells, Deck 12-13 Heat-Cool-Stir 1, 1, 1"
4058,03/05/2025 14:59:40,5,Input : Substrate,"Rack 3x4 six Kaufmann H-cells, Deck 12-13 Heat-Cool-Stir 1, 1, 1"
4105,03/05/2025 14:59:41,5,Input : Substrate,"Rack 3x4 six Kaufmann H-cells, Deck 12-13 Heat-Cool-Stir 1, 1, 1"
4350,03/05/2025 14:59:44,5,Input : Substrate,"Rack 6x15 ICP robotic, Deck 16-17 Waste 1, 1, 5"
4373,03/05/2025 14:59:44,5,Input : Substrate,"Rack 6x15 ICP robotic, Deck 16-17 Waste 1, 1, 5"
4396,03/05/2025 14:59:44,5,Input : Substrate,"Rack 6x15 ICP robotic, Deck 16-17 Waste 1, 1, 5"
4443,03/05/2025 14:59:44,5,Input : Substrate,"Rack 6x15 ICP robotic, Deck 16-17 Waste 1, 1, 5"
4494,03/05/2025 14:59:49,5,Input : Substrate,"Rack 6x15 ICP robotic, Deck 16-17 Waste 1, 1, 5"
4541,03/05/2025 14:59:50,5,Input : Substrate,"Rack 6x15 ICP robotic, Deck 16-17 Waste 1, 1, 5"
4575,03/05/2025 14:59:53,5,Output : Volume Dispensed,250
4613,03/05/2025 14:59:56,5,Output : Volume Dispensed,1000
4658,03/05/2025 15:00:00,5,Input : Substrate,"Rack 6x15 ICP robotic, Deck 16-17 Waste 1, 1, 5"
4705,03/05/2025 15:00:00,5,Input : Substrate,"Rack 6x15 ICP robotic, Deck 16-17 Waste 1, 1, 5"
6041,03/05/2025 15:00:46,1,Input : Substrate,"Rack 3x4 six Kaufmann H-cells, Deck 12-13 Heat-Cool-Stir 1, 1, 1"
6064,03/05/2025 15:00:46,1,Input : Substrate,"Rack 3x4 six Kaufmann H-cells, Deck 12-13 Heat-Cool-Stir 1, 1, 1"
6104,03/05/2025 15:00:46,1,Input : Substrate,"Rack 3x4 six Kaufmann H-cells, Deck 12-13 Heat-Cool-Stir 1, 1, 1"
6151,03/05/2025 15:00:46,1,Input : Substrate,"Rack 3x4 six Kaufmann H-cells, Deck 12-13 Heat-Cool-Stir 1, 1, 1"
6222,03/05/2025 15:00:57,1,Input : Substrate,"Rack 3x4 six Kaufmann H-cells, Deck 12-13 Heat-Cool-Stir 1, 1, 1"
6269,03/05/2025 15:00:58,1,Input : Substrate,"Rack 3x4 six Kaufmann H-cells, Deck 12-13 Heat-Cool-Stir 1, 1, 1"
6310,03/05/2025 15:01:01,1,Output : Volume Dispensed,250
6330,03/05/2025 15:01:05,1,Input : Substrate,"Rack 3x4 six Kaufmann H-cells, Deck 12-13 Heat-Cool-Stir 1, 1, 1"
6377,03/05/2025 15:01:05,1,Input : Substrate,"Rack 3x4 six Kaufmann H-cells, Deck 12-13 Heat-Cool-Stir 1, 1, 1"
8044,03/05/2025 15:01:51,6,Input : Substrate,"Rack 3x4 six Kaufmann H-cells, Deck 12-13 Heat-Cool-Stir 1, 2, 1"
8058,03/05/2025 15:01:51,6,Input : Substrate,"Rack 3x4 six Kaufmann H-cells, Deck 12-13 Heat-Cool-Stir 1, 2, 1"
8143,03/05/2025 15:01:52,6,Input : Substrate,"Rack 3x4 six Kaufmann H-cells, Deck 12-13 Heat-Cool-Stir 1, 2, 1"
8190,03/05/2025 15:01:52,6,Input : Substrate,"Rack 3x4 six Kaufmann H-cells, Deck 12-13 Heat-Cool-Stir 1, 2, 1"
8338,03/05/2025 15:02:06,6,Input : Substrate,"Rack 3x4 six Kaufmann H-cells, Deck 12-13 Heat-Cool-Stir 1, 2, 1"
8385,03/05/2025 15:02:06,6,Input : Substrate,"Rack 3x4 six Kaufmann H-cells, Deck 12-13 Heat-Cool-Stir 1, 2, 1"
8415,03/05/2025 15:02:07,6,Input : Substrate,"Rack 3x4 six Kaufmann H-cells, Deck 12-13 Heat-Cool-Stir 1, 2, 1"
8462,03/05/2025 15:02:08,6,Input : Substrate,"Rack 3x4 six Kaufmann H-cells, Deck 12-13 Heat-Cool-Stir 1, 2, 1"
8566,03/05/2025 15:02:19,6,Input : Substrate,"Rack 3x4 six Kaufmann H-cells, Deck 12-13 Heat-Cool-Stir 1, 2, 1"
8613,03/05/2025 15:02:19,6,Input : Substrate,"Rack 3x4 six Kaufmann H-cells, Deck 12-13 Heat-Cool-Stir 1, 2, 1"
8647,03/05/2025 15:02:24,6,Input : Substrate,"Rack 3x4 six Kaufmann H-cells, Deck 12-13 Heat-Cool-Stir 1, 2, 1"
8694,03/05/2025 15:02:25,6,Input : Substrate,"Rack 3x4 six Kaufmann H-cells, Deck 12-13 Heat-Cool-Stir 1, 2, 1"
8955,03/05/2025 15:02:28,6,Input : Substrate,"Rack 6x15 ICP robotic, Deck 16-17 Waste 1, 1, 6"
8978,03/05/2025 15:02:28,6,Input : Substrate,"Rack 6x15 ICP robotic, Deck 16-17 Waste 1, 1, 6"
9001,03/05/2025 15:02:28,6,Input : Substrate,"Rack 6x15 ICP robotic, Deck 16-17 Waste 1, 1, 6"
9048,03/05/2025 15:02:28,6,Input : Substrate,"Rack 6x15 ICP robotic, Deck 16-17 Waste 1, 1, 6"
9099,03/05/2025 15:02:33,6,Input : Substrate,"Rack 6x15 ICP robotic, Deck 16-17 Waste 1, 1, 6"
9146,03/05/2025 15:02:33,6,Input : Substrate,"Rack 6x15 ICP robotic, Deck 16-17 Waste 1, 1, 6"
9180,03/05/2025 15:02:37,6,Output : Volume Dispensed,250
9218,03/05/2025 15:02:40,6,Output : Volume Dispensed,1000
9263,03/05/2025 15:02:43,6,Input : Substrate,"Rack 6x15 ICP robotic, Deck 16-17 Waste 1, 1, 6"
9310,03/05/2025 15:02:44,6,Input : Substrate,"Rack 6x15 ICP robotic, Deck 16-17 Waste 1, 1, 6"
10630,03/05/2025 15:03:30,5,Input : Substrate,"Rack 3x4 six Kaufmann H-cells, Deck 12-13 Heat-Cool-Stir 1, 2, 1"
10653,03/05/2025 15:03:30,5,Input : Substrate,"Rack 3x4 six Kaufmann H-cells, Deck 12-13 Heat-Cool-Stir 1, 2, 1"
10693,03/05/2025 15:03:30,5,Input : Substrate,"Rack 3x4 six Kaufmann H-cells, Deck 12-13 Heat-Cool-Stir 1, 2, 1"
10740,03/05/2025 15:03:30,5,Input : Substrate,"Rack 3x4 six Kaufmann H-cells, Deck 12-13 Heat-Cool-Stir 1, 2, 1"
10811,03/05/2025 15:03:41,5,Input : Substrate,"Rack 3x4 six Kaufmann H-cells, Deck 12-13 Heat-Cool-Stir 1, 2, 1"
10858,03/05/2025 15:03:42,5,Input : Substrate,"Rack 3x4 six Kaufmann H-cells, Deck 12-13 Heat-Cool-Stir 1, 2, 1"
10899,03/05/2025 15:03:45,5,Output : Volume Dispensed,250
10919,03/05/2025 15:03:49,5,Input : Substrate,"Rack 3x4 six Kaufmann H-cells, Deck 12-13 Heat-Cool-Stir 1, 2, 1"
10966,03/05/2025 15:03:49,5,Input : Substrate,"Rack 3x4 six Kaufmann H-cells, Deck 12-13 Heat-Cool-Stir 1, 2, 1"
