{
    "2": [
        null,
        "plate1"
    ],
    "3": [
        "source1",
        "plate1"
    ],
    "4": [
        "source1",
        "plate1"
    ],
    "5": [
        null,
        "ICP1"
    ],
    "6": [
        "plate1",
        "ICP1"
    ],
    "7": [
        null,
        "plate1"
    ],
    "9": [
        null,
        "ICP1"
    ],
    "10": [
        "plate1",
        "ICP1"
    ],
    "11": [
        null,
        "plate1"
    ],
    "13": [
        null,
        "ICP1"
    ],
    "14": [
        "plate1",
        "ICP1"
    ],
    "15": [
        null,
        "plate1"
    ],
    "17": [
        null,
        "ICP1"
    ],
    "18": [
        "plate1",
        "ICP1"
    ],
    "19": [
        null,
        "plate1"
    ],
    "21": [
        null,
        "ICP1"
    ],
    "22": [
        "plate1",
        "ICP1"
    ],
    "23": [
        null,
        "plate1"
    ],
    "25": [
        null,
        "ICP1"
    ],
    "26": [
        "plate1",
        "ICP1"
    ],
    "27": [
        null,
        "plate1"
    ],
    "29": [
        null,
        "ICP1"
    ],
    "30": [
        "plate1",
        "ICP1"
    ],
    "31": [
        null,
        "plate1"
    ],
    "33": [
        null,
        "ICP1"
    ],
    "34": [
        "plate1",
        "ICP1"
    ],
    "35": [
        null,
        "plate1"
    ],
    "37": [
        null,
        "ICP1"
    ],
    "38": [
        "plate1",
        "ICP1"
    ],
    "39": [
        null,
        "plate1"
    ],
    "41": [
        null,
        "ICP1"
    ],
    "42": [
        "plate1",
        "ICP1"
    ],
    "43": [
        null,
        "plate1"
    ],
    "45": [
        null,
        "ICP1"
    ],
    "46": [
        "plate1",
        "ICP1"
    ],
    "47": [
        null,
        "plate1"
    ],
    "49": [
        null,
        "ICP1"
    ],
    "50": [
        "plate1",
        "ICP1"
    ],
    "51": [
        null,
        "plate1"
    ],
    "53": [
        null,
        "ICP1"
    ],
    "54": [
        "plate1",
        "ICP1"
    ],
    "55": [
        null,
        "plate1"
    ],
    "57": [
        null,
        "ICP1"
    ],
    "58": [
        "plate1",
        "ICP1"
    ],
    "59": [
        null,
        "plate1"
    ],
    "61": [
        null,
        "ICP1"
    ],
    "62": [
        "plate1",
        "ICP1"
    ],
    "63": [
        null,
        "plate1"
    ],
    "65": [
        null,
        "ICP1"
    ],
    "66": [
        "plate1",
        "ICP1"
    ],
    "67": [
        null,
        "plate1"
    ],
    "69": [
        null,
        "ICP1"
    ],
    "70": [
        "plate1",
        "ICP1"
    ],
    "71": [
        null,
        "plate1"
    ],
    "73": [
        null,
        "ICP1"
    ],
    "74": [
        "plate1",
        "ICP1"
    ],
    "75": [
        null,
        "plate1"
    ],
    "77": [
        null,
        "ICP1"
    ],
    "78": [
        "plate1",
        "ICP1"
    ],
    "79": [
        null,
        "plate1"
    ],
    "81": [
        null,
        "ICP1"
    ],
    "82": [
        "plate1",
        "ICP1"
    ],
    "83": [
        null,
        "plate1"
    ],
    "85": [
        null,
        "ICP1"
    ],
    "86": [
        "plate1",
        "ICP1"
    ],
    "87": [
        null,
        "plate1"
    ],
    "89": [
        null,
        "ICP1"
    ],
    "90": [
        "plate1",
        "ICP1"
    ],
    "91": [
        null,
        "plate1"
    ],
    "93": [
        null,
        "ICP1"
    ],
    "94": [
        "plate1",
        "ICP1"
    ],
    "95": [
        null,
        "plate1"
    ],
    "97": [
        null,
        "ICP1"
    ],
    "98": [
        "plate1",
        "ICP1"
    ],
    "99": [
        null,
        "plate1"
    ],
    "101": [
        null,
        "ICP1"
    ],
    "102": [
        "plate1",
        "ICP1"
    ],
    "103": [
        null,
        "plate1"
    ],
    "105": [
        null,
        "ICP1"
    ],
    "106": [
        "plate1",
        "ICP1"
    ],
    "107": [
        null,
        "plate1"
    ],
    "109": [
        null,
        "ICP1"
    ],
    "110": [
        "plate1",
        "ICP1"
    ],
    "111": [
        null,
        "plate1"
    ],
    "113": [
        null,
        "ICP1"
    ],
    "114": [
        "plate1",
        "ICP1"
    ],
    "115": [
        null,
        "plate1"
    ],
    "117": [
        null,
        "ICP1"
    ],
    "118": [
        "plate1",
        "ICP1"
    ],
    "119": [
        null,
        "plate1"
    ],
    "121": [
        null,
        "ICP1"
    ],
    "122": [
        "plate1",
        "ICP1"
    ],
    "123": [
        null,
        "plate1"
    ],
    "125": [
        null,
        "ICP1"
    ],
    "126": [
        "plate1",
        "ICP1"
    ],
    "127": [
        null,
        "plate1"
    ],
    "129": [
        null,
        "ICP1"
    ],
    "130": [
        "plate1",
        "ICP1"
    ],
    "131": [
        null,
        "plate1"
    ],
    "133": [
        null,
        "ICP1"
    ],
    "134": [
        "plate1",
        "ICP1"
    ],
    "135": [
        null,
        "plate1"
    ],
    "137": [
        null,
        "ICP1"
    ],
    "138": [
        "plate1",
        "ICP1"
    ],
    "139": [
        null,
        "plate1"
    ],
    "141": [
        null,
        "ICP1"
    ],
    "142": [
        "plate1",
        "ICP1"
    ],
    "143": [
        null,
        "plate1"
    ],
    "145": [
        null,
        "ICP1"
    ],
    "146": [
        "plate1",
        "ICP1"
    ],
    "147": [
        null,
        "plate1"
    ],
    "149": [
        null,
        "ICP1"
    ],
    "150": [
        "plate1",
        "ICP1"
    ],
    "151": [
        null,
        "plate1"
    ],
    "153": [
        null,
        "ICP1"
    ],
    "154": [
        "plate1",
        "ICP1"
    ],
    "155": [
        null,
        "plate1"
    ],
    "157": [
        null,
        "ICP1"
    ],
    "158": [
        "plate1",
        "ICP1"
    ],
    "159": [
        null,
        "plate1"
    ],
    "161": [
        null,
        "ICP1"
    ],
    "162": [
        "plate1",
        "ICP1"
    ],
    "163": [
        null,
        "plate1"
    ],
    "165": [
        null,
        "ICP1"
    ],
    "166": [
        "plate1",
        "ICP1"
    ],
    "167": [
        null,
        "plate1"
    ],
    "169": [
        null,
        "ICP1"
    ],
    "170": [
        "plate1",
        "ICP1"
    ],
    "171": [
        null,
        "plate1"
    ],
    "173": [
        null,
        "ICP1"
    ],
    "174": [
        "plate1",
        "ICP1"
    ],
    "175": [
        null,
        "plate1"
    ],
    "177": [
        null,
        "ICP1"
    ],
    "178": [
        "plate1",
        "ICP1"
    ],
    "179": [
        null,
        "plate1"
    ],
    "181": [
        null,
        "ICP1"
    ],
    "182": [
        "plate1",
        "ICP1"
    ],
    "183": [
        null,
        "plate1"
    ],
    "185": [
        null,
        "ICP1"
    ],
    "186": [
        "plate1",
        "ICP1"
    ],
    "187": [
        null,
        "plate1"
    ],
    "189": [
        null,
        "ICP1"
    ],
    "190": [
        "plate1",
        "ICP1"
    ],
    "191": [
        null,
        "plate1"
    ],
    "193": [
        null,
        "ICP1"
    ],
    "194": [
        "plate1",
        "ICP1"
    ],
    "195": [
        null,
        "plate1"
    ],
    "197": [
        null,
        "ICP1"
    ],
    "198": [
        "plate1",
        "ICP1"
    ],
    "199": [
        null,
        "plate1"
    ],
    "201": [
        null,
        "ICP1"
    ],
    "202": [
        "plate1",
        "ICP1"
    ],
    "203": [
        null,
        "plate1"
    ],
    "205": [
        null,
        "ICP1"
    ],
    "206": [
        "plate1",
        "ICP1"
    ],
    "207": [
        null,
        "plate1"
    ],
    "209": [
        null,
        "ICP1"
    ],
    "210": [
        "plate1",
        "ICP1"
    ],
    "211": [
        null,
        "plate1"
    ],
    "213": [
        null,
        "ICP1"
    ],
    "214": [
        "plate1",
        "ICP1"
    ],
    "215": [
        null,
        "plate1"
    ],
    "217": [
        null,
        "ICP1"
    ],
    "218": [
        "plate1",
        "ICP1"
    ],
    "219": [
        null,
        "plate1"
    ],
    "221": [
        null,
        "ICP1"
    ],
    "222": [
        "plate1",
        "ICP1"
    ],
    "223": [
        null,
        "plate1"
    ],
    "225": [
        null,
        "ICP1"
    ],
    "226": [
        "plate1",
        "ICP1"
    ],
    "227": [
        null,
        "plate1"
    ],
    "229": [
        null,
        "ICP1"
    ],
    "230": [
        "plate1",
        "ICP1"
    ],
    "231": [
        null,
        "plate1"
    ],
    "233": [
        null,
        "ICP1"
    ],
    "234": [
        "plate1",
        "ICP1"
    ],
    "235": [
        null,
        "plate1"
    ],
    "237": [
        null,
        "ICP1"
    ],
    "238": [
        "plate1",
        "ICP1"
    ],
    "239": [
        null,
        "plate1"
    ],
    "241": [
        null,
        "ICP1"
    ],
    "242": [
        "plate1",
        "ICP1"
    ],
    "243": [
        null,
        "plate1"
    ],
    "245": [
        null,
        "ICP1"
    ],
    "246": [
        "plate1",
        "ICP1"
    ],
    "247": [
        null,
        "plate1"
    ],
    "249": [
        null,
        "ICP1"
    ],
    "250": [
        "plate1",
        "ICP1"
    ],
    "251": [
        null,
        "plate1"
    ],
    "253": [
        null,
        "ICP1"
    ],
    "254": [
        "plate1",
        "ICP1"
    ],
    "255": [
        null,
        "plate1"
    ],
    "257": [
        null,
        "ICP1"
    ],
    "258": [
        "plate1",
        "ICP1"
    ],
    "259": [
        null,
        "plate1"
    ],
    "261": [
        null,
        "ICP1"
    ],
    "262": [
        "plate1",
        "ICP1"
    ],
    "263": [
        null,
        "plate1"
    ],
    "265": [
        null,
        "ICP1"
    ],
    "266": [
        "plate1",
        "ICP1"
    ],
    "267": [
        null,
        "plate1"
    ],
    "269": [
        null,
        "ICP1"
    ],
    "270": [
        "plate1",
        "ICP1"
    ],
    "271": [
        null,
        "plate1"
    ],
    "273": [
        null,
        "ICP1"
    ],
    "274": [
        "plate1",
        "ICP1"
    ],
    "275": [
        null,
        "plate1"
    ],
    "277": [
        null,
        "ICP1"
    ],
    "278": [
        "plate1",
        "ICP1"
    ],
    "279": [
        null,
        "plate1"
    ],
    "281": [
        null,
        "ICP1"
    ],
    "282": [
        "plate1",
        "ICP1"
    ],
    "283": [
        null,
        "plate1"
    ],
    "285": [
        null,
        "ICP1"
    ],
    "286": [
        "plate1",
        "ICP1"
    ],
    "287": [
        null,
        "plate1"
    ],
    "289": [
        null,
        "ICP1"
    ],
    "290": [
        "plate1",
        "ICP1"
    ],
    "291": [
        null,
        "plate1"
    ],
    "293": [
        null,
        "ICP1"
    ],
    "294": [
        "plate1",
        "ICP1"
    ],
    "295": [
        null,
        "plate1"
    ],
    "297": [
        null,
        "ICP1"
    ],
    "298": [
        "plate1",
        "ICP1"
    ],
    "299": [
        null,
        "plate1"
    ],
    "301": [
        null,
        "ICP1"
    ],
    "302": [
        "plate1",
        "ICP1"
    ],
    "303": [
        null,
        "plate1"
    ],
    "305": [
        null,
        "ICP1"
    ],
    "306": [
        "plate1",
        "ICP1"
    ],
    "307": [
        null,
        "plate1"
    ],
    "309": [
        null,
        "ICP1"
    ],
    "310": [
        "plate1",
        "ICP1"
    ],
    "311": [
        null,
        "plate1"
    ],
    "313": [
        null,
        "ICP1"
    ],
    "314": [
        "plate1",
        "ICP1"
    ],
    "315": [
        null,
        "plate1"
    ],
    "317": [
        null,
        "ICP1"
    ],
    "318": [
        "plate1",
        "ICP1"
    ],
    "319": [
        null,
        "plate1"
    ],
    "321": [
        null,
        "ICP1"
    ],
    "322": [
        "plate1",
        "ICP1"
    ],
    "323": [
        null,
        "plate1"
    ],
    "325": [
        null,
        "ICP1"
    ],
    "326": [
        "plate1",
        "ICP1"
    ],
    "327": [
        null,
        "plate1"
    ],
    "329": [
        null,
        "ICP1"
    ],
    "330": [
        "plate1",
        "ICP1"
    ],
    "331": [
        null,
        "plate1"
    ],
    "333": [
        null,
        "ICP1"
    ],
    "334": [
        "plate1",
        "ICP1"
    ],
    "335": [
        null,
        "plate1"
    ],
    "337": [
        null,
        "ICP1"
    ],
    "338": [
        "plate1",
        "ICP1"
    ],
    "339": [
        null,
        "plate1"
    ],
    "341": [
        null,
        "ICP1"
    ],
    "342": [
        "plate1",
        "ICP1"
    ],
    "343": [
        null,
        "plate1"
    ],
    "345": [
        null,
        "ICP1"
    ],
    "346": [
        "plate1",
        "ICP1"
    ],
    "347": [
        null,
        "plate1"
    ],
    "349": [
        null,
        "ICP1"
    ],
    "350": [
        "plate1",
        "ICP1"
    ],
    "351": [
        null,
        "plate1"
    ],
    "353": [
        null,
        "ICP1"
    ],
    "354": [
        "plate1",
        "ICP1"
    ],
    "355": [
        null,
        "plate1"
    ],
    "357": [
        null,
        "ICP1"
    ],
    "358": [
        "plate1",
        "ICP1"
    ],
    "359": [
        null,
        "plate1"
    ],
    "361": [
        null,
        "ICP1"
    ],
    "362": [
        "plate1",
        "ICP1"
    ],
    "363": [
        null,
        "plate1"
    ]
}