{
    "code": "214Y0",
    "barcode": "000067",
    "rack": {
        "name": "Rack 6x15 ICP robotic",
        "type": "ICP90",
        "instrument": "BK",
        "position": "Deck 16-17 Waste 1",
        "label": "",
        "code": null,
        "holder": null,
        "items": 90,
        "layout": "rectangular",
        "rows": 6,
        "columns": 15
    },
    "route": {
        "ready": "no",
        "type": "active",
        "priority": "clear",
        "route": [
            "UR5",
            "Storage",
            "UR5",
            "ICP",
            "UR5",
            "Trash"
        ],
        "step": 0,
        "datetimes": []
    },
    "creator": {
        "location": "BK",
        "position": "Deck 16-17 Waste 1",
        "ID": "ICP1",
        "protocol": 1117,
        "datetime": "2025-03-07 19:46:38.004891",
        "content": {
            "ICP1:A1": {
                "composition": {
                    "solvent": 0.999999909091,
                    "mixture1": 9.090900000462522e-08
                },
                "constitution": {
                    "Na": 1.8181800000925044e-06,
                    "Y": 4.545450000231261e-07
                },
                "volume": 2750,
                "timestamp": "20250307_194635",
                "parents": [
                    "plate1:A1",
                    "solvent"
                ],
                "parent_volumes": [
                    250,
                    2500
                ],
                "type": "analyte",
                "container": "ICP tube",
                "name": ""
            },
            "ICP1:A2": {
                "composition": {
                    "solvent": 0.999999909091,
                    "mixture2": 9.090900000462522e-08
                },
                "constitution": {
                    "K": 1.8181800000925044e-06,
                    "Y": 4.545450000231261e-07
                },
                "volume": 2750,
                "timestamp": "20250307_194635",
                "parents": [
                    "plate1:B1",
                    "solvent"
                ],
                "parent_volumes": [
                    250,
                    2500
                ],
                "type": "analyte",
                "container": "ICP tube",
                "name": ""
            },
            "ICP1:A3": {
                "composition": {
                    "solvent": 0.9999999093182722,
                    "mixture1": 9.068172773188593e-08
                },
                "constitution": {
                    "Na": 1.8136345546377185e-06,
                    "Y": 4.534086386594296e-07
                },
                "volume": 2750,
                "timestamp": "20250307_194635",
                "parents": [
                    "plate1:A1",
                    "solvent"
                ],
                "parent_volumes": [
                    250,
                    2500
                ],
                "type": "analyte",
                "container": "ICP tube",
                "name": ""
            },
            "ICP1:A4": {
                "composition": {
                    "solvent": 0.9999999093182722,
                    "mixture2": 9.068172773188593e-08
                },
                "constitution": {
                    "K": 1.8136345546377185e-06,
                    "Y": 4.534086386594296e-07
                },
                "volume": 2750,
                "timestamp": "20250307_194635",
                "parents": [
                    "plate1:B1",
                    "solvent"
                ],
                "parent_volumes": [
                    250,
                    2500
                ],
                "type": "analyte",
                "container": "ICP tube",
                "name": ""
            },
            "ICP1:A5": {
                "composition": {
                    "solvent": 0.9999999095449763,
                    "mixture1": 9.045502363926031e-08
                },
                "constitution": {
                    "Na": 1.8091004727852059e-06,
                    "Y": 4.5227511819630147e-07
                },
                "volume": 2750,
                "timestamp": "20250307_194635",
                "parents": [
                    "plate1:A1",
                    "solvent"
                ],
                "parent_volumes": [
                    250,
                    2500
                ],
                "type": "analyte",
                "container": "ICP tube",
                "name": ""
            },
            "ICP1:A6": {
                "composition": {
                    "solvent": 0.9999999095449763,
                    "mixture2": 9.045502363926031e-08
                },
                "constitution": {
                    "K": 1.8091004727852059e-06,
                    "Y": 4.5227511819630147e-07
                },
                "volume": 2750,
                "timestamp": "20250307_194635",
                "parents": [
                    "plate1:B1",
                    "solvent"
                ],
                "parent_volumes": [
                    250,
                    2500
                ],
                "type": "analyte",
                "container": "ICP tube",
                "name": ""
            }
        }
    }
}