index,timestamp,well,name,value
7002,02/26/2025 19:11:37,1,Input : Substrate,"Rack 3x4 six Kaufmann H-cells, Deck 12-13 Heat-Cool-Stir 1, 1, 1"
7016,02/26/2025 19:11:37,1,Input : Substrate,"Rack 3x4 six Kaufmann H-cells, Deck 12-13 Heat-Cool-Stir 1, 1, 1"
7101,02/26/2025 19:11:38,1,Input : Substrate,"Rack 3x4 six Kaufmann H-cells, Deck 12-13 Heat-Cool-Stir 1, 1, 1"
7148,02/26/2025 19:11:38,1,Input : Substrate,"Rack 3x4 six Kaufmann H-cells, Deck 12-13 Heat-Cool-Stir 1, 1, 1"
7296,02/26/2025 19:11:52,1,Input : Substrate,"Rack 3x4 six Kaufmann H-cells, Deck 12-13 Heat-Cool-Stir 1, 1, 1"
7343,02/26/2025 19:11:52,1,Input : Substrate,"Rack 3x4 six Kaufmann H-cells, Deck 12-13 Heat-Cool-Stir 1, 1, 1"
7373,02/26/2025 19:11:54,1,Input : Substrate,"Rack 3x4 six Kaufmann H-cells, Deck 12-13 Heat-Cool-Stir 1, 1, 1"
7420,02/26/2025 19:11:54,1,Input : Substrate,"Rack 3x4 six Kaufmann H-cells, Deck 12-13 Heat-Cool-Stir 1, 1, 1"
7524,02/26/2025 19:12:05,1,Input : Substrate,"Rack 3x4 six Kaufmann H-cells, Deck 12-13 Heat-Cool-Stir 1, 1, 1"
7571,02/26/2025 19:12:06,1,Input : Substrate,"Rack 3x4 six Kaufmann H-cells, Deck 12-13 Heat-Cool-Stir 1, 1, 1"
7605,02/26/2025 19:12:10,1,Input : Substrate,"Rack 3x4 six Kaufmann H-cells, Deck 12-13 Heat-Cool-Stir 1, 1, 1"
7652,02/26/2025 19:12:11,1,Input : Substrate,"Rack 3x4 six Kaufmann H-cells, Deck 12-13 Heat-Cool-Stir 1, 1, 1"
7869,02/26/2025 19:12:13,1,Input : Substrate,"Rack 6x15 ICP robotic, Deck 16-17 Waste 1, 1, 1"
7892,02/26/2025 19:12:13,1,Input : Substrate,"Rack 6x15 ICP robotic, Deck 16-17 Waste 1, 1, 1"
7915,02/26/2025 19:12:13,1,Input : Substrate,"Rack 6x15 ICP robotic, Deck 16-17 Waste 1, 1, 1"
7962,02/26/2025 19:12:13,1,Input : Substrate,"Rack 6x15 ICP robotic, Deck 16-17 Waste 1, 1, 1"
8013,02/26/2025 19:12:18,1,Input : Substrate,"Rack 6x15 ICP robotic, Deck 16-17 Waste 1, 1, 1"
8060,02/26/2025 19:12:18,1,Input : Substrate,"Rack 6x15 ICP robotic, Deck 16-17 Waste 1, 1, 1"
8094,02/26/2025 19:12:22,1,Output : Volume Dispensed,250
8132,02/26/2025 19:12:24,1,Output : Volume Dispensed,1000
8177,02/26/2025 19:12:28,1,Input : Substrate,"Rack 6x15 ICP robotic, Deck 16-17 Waste 1, 1, 1"
8224,02/26/2025 19:12:29,1,Input : Substrate,"Rack 6x15 ICP robotic, Deck 16-17 Waste 1, 1, 1"
9516,02/26/2025 19:13:13,1,Input : Substrate,"Rack 3x4 six Kaufmann H-cells, Deck 12-13 Heat-Cool-Stir 1, 1, 1"
9539,02/26/2025 19:13:13,1,Input : Substrate,"Rack 3x4 six Kaufmann H-cells, Deck 12-13 Heat-Cool-Stir 1, 1, 1"
9579,02/26/2025 19:13:14,1,Input : Substrate,"Rack 3x4 six Kaufmann H-cells, Deck 12-13 Heat-Cool-Stir 1, 1, 1"
9626,02/26/2025 19:13:14,1,Input : Substrate,"Rack 3x4 six Kaufmann H-cells, Deck 12-13 Heat-Cool-Stir 1, 1, 1"
9697,02/26/2025 19:13:25,1,Input : Substrate,"Rack 3x4 six Kaufmann H-cells, Deck 12-13 Heat-Cool-Stir 1, 1, 1"
9744,02/26/2025 19:13:25,1,Input : Substrate,"Rack 3x4 six Kaufmann H-cells, Deck 12-13 Heat-Cool-Stir 1, 1, 1"
9785,02/26/2025 19:13:29,1,Output : Volume Dispensed,250
9805,02/26/2025 19:13:32,1,Input : Substrate,"Rack 3x4 six Kaufmann H-cells, Deck 12-13 Heat-Cool-Stir 1, 1, 1"
9852,02/26/2025 19:13:33,1,Input : Substrate,"Rack 3x4 six Kaufmann H-cells, Deck 12-13 Heat-Cool-Stir 1, 1, 1"
11519,02/26/2025 19:14:24,2,Input : Substrate,"Rack 3x4 six Kaufmann H-cells, Deck 12-13 Heat-Cool-Stir 1, 2, 1"
11533,02/26/2025 19:14:24,2,Input : Substrate,"Rack 3x4 six Kaufmann H-cells, Deck 12-13 Heat-Cool-Stir 1, 2, 1"
11618,02/26/2025 19:14:24,2,Input : Substrate,"Rack 3x4 six Kaufmann H-cells, Deck 12-13 Heat-Cool-Stir 1, 2, 1"
11665,02/26/2025 19:14:24,2,Input : Substrate,"Rack 3x4 six Kaufmann H-cells, Deck 12-13 Heat-Cool-Stir 1, 2, 1"
11813,02/26/2025 19:14:38,2,Input : Substrate,"Rack 3x4 six Kaufmann H-cells, Deck 12-13 Heat-Cool-Stir 1, 2, 1"
11860,02/26/2025 19:14:38,2,Input : Substrate,"Rack 3x4 six Kaufmann H-cells, Deck 12-13 Heat-Cool-Stir 1, 2, 1"
11890,02/26/2025 19:14:40,2,Input : Substrate,"Rack 3x4 six Kaufmann H-cells, Deck 12-13 Heat-Cool-Stir 1, 2, 1"
11937,02/26/2025 19:14:40,2,Input : Substrate,"Rack 3x4 six Kaufmann H-cells, Deck 12-13 Heat-Cool-Stir 1, 2, 1"
12041,02/26/2025 19:14:52,2,Input : Substrate,"Rack 3x4 six Kaufmann H-cells, Deck 12-13 Heat-Cool-Stir 1, 2, 1"
12088,02/26/2025 19:14:52,2,Input : Substrate,"Rack 3x4 six Kaufmann H-cells, Deck 12-13 Heat-Cool-Stir 1, 2, 1"
12122,02/26/2025 19:14:57,2,Input : Substrate,"Rack 3x4 six Kaufmann H-cells, Deck 12-13 Heat-Cool-Stir 1, 2, 1"
12169,02/26/2025 19:14:57,2,Input : Substrate,"Rack 3x4 six Kaufmann H-cells, Deck 12-13 Heat-Cool-Stir 1, 2, 1"
12430,02/26/2025 19:15:00,2,Input : Substrate,"Rack 6x15 ICP robotic, Deck 16-17 Waste 1, 1, 2"
12453,02/26/2025 19:15:00,2,Input : Substrate,"Rack 6x15 ICP robotic, Deck 16-17 Waste 1, 1, 2"
12476,02/26/2025 19:15:00,2,Input : Substrate,"Rack 6x15 ICP robotic, Deck 16-17 Waste 1, 1, 2"
12523,02/26/2025 19:15:01,2,Input : Substrate,"Rack 6x15 ICP robotic, Deck 16-17 Waste 1, 1, 2"
12574,02/26/2025 19:15:06,2,Input : Substrate,"Rack 6x15 ICP robotic, Deck 16-17 Waste 1, 1, 2"
12621,02/26/2025 19:15:06,2,Input : Substrate,"Rack 6x15 ICP robotic, Deck 16-17 Waste 1, 1, 2"
12655,02/26/2025 19:15:10,2,Output : Volume Dispensed,250
12693,02/26/2025 19:15:12,2,Output : Volume Dispensed,1000
12738,02/26/2025 19:15:16,2,Input : Substrate,"Rack 6x15 ICP robotic, Deck 16-17 Waste 1, 1, 2"
12785,02/26/2025 19:15:16,2,Input : Substrate,"Rack 6x15 ICP robotic, Deck 16-17 Waste 1, 1, 2"
14077,02/26/2025 19:16:01,5,Input : Substrate,"Rack 3x4 six Kaufmann H-cells, Deck 12-13 Heat-Cool-Stir 1, 2, 1"
14100,02/26/2025 19:16:01,5,Input : Substrate,"Rack 3x4 six Kaufmann H-cells, Deck 12-13 Heat-Cool-Stir 1, 2, 1"
14140,02/26/2025 19:16:01,5,Input : Substrate,"Rack 3x4 six Kaufmann H-cells, Deck 12-13 Heat-Cool-Stir 1, 2, 1"
14187,02/26/2025 19:16:01,5,Input : Substrate,"Rack 3x4 six Kaufmann H-cells, Deck 12-13 Heat-Cool-Stir 1, 2, 1"
14258,02/26/2025 19:16:12,5,Input : Substrate,"Rack 3x4 six Kaufmann H-cells, Deck 12-13 Heat-Cool-Stir 1, 2, 1"
14305,02/26/2025 19:16:13,5,Input : Substrate,"Rack 3x4 six Kaufmann H-cells, Deck 12-13 Heat-Cool-Stir 1, 2, 1"
14346,02/26/2025 19:16:16,5,Output : Volume Dispensed,250
14366,02/26/2025 19:16:20,5,Input : Substrate,"Rack 3x4 six Kaufmann H-cells, Deck 12-13 Heat-Cool-Stir 1, 2, 1"
14413,02/26/2025 19:16:20,5,Input : Substrate,"Rack 3x4 six Kaufmann H-cells, Deck 12-13 Heat-Cool-Stir 1, 2, 1"
16124,02/26/2025 19:17:12,3,Input : Substrate,"Rack 3x4 six Kaufmann H-cells, Deck 12-13 Heat-Cool-Stir 1, 1, 1"
16138,02/26/2025 19:17:12,3,Input : Substrate,"Rack 3x4 six Kaufmann H-cells, Deck 12-13 Heat-Cool-Stir 1, 1, 1"
16223,02/26/2025 19:17:13,3,Input : Substrate,"Rack 3x4 six Kaufmann H-cells, Deck 12-13 Heat-Cool-Stir 1, 1, 1"
16270,02/26/2025 19:17:13,3,Input : Substrate,"Rack 3x4 six Kaufmann H-cells, Deck 12-13 Heat-Cool-Stir 1, 1, 1"
16418,02/26/2025 19:17:27,3,Input : Substrate,"Rack 3x4 six Kaufmann H-cells, Deck 12-13 Heat-Cool-Stir 1, 1, 1"
16465,02/26/2025 19:17:27,3,Input : Substrate,"Rack 3x4 six Kaufmann H-cells, Deck 12-13 Heat-Cool-Stir 1, 1, 1"
16495,02/26/2025 19:17:28,3,Input : Substrate,"Rack 3x4 six Kaufmann H-cells, Deck 12-13 Heat-Cool-Stir 1, 1, 1"
16542,02/26/2025 19:17:29,3,Input : Substrate,"Rack 3x4 six Kaufmann H-cells, Deck 12-13 Heat-Cool-Stir 1, 1, 1"
16646,02/26/2025 19:17:40,3,Input : Substrate,"Rack 3x4 six Kaufmann H-cells, Deck 12-13 Heat-Cool-Stir 1, 1, 1"
16693,02/26/2025 19:17:40,3,Input : Substrate,"Rack 3x4 six Kaufmann H-cells, Deck 12-13 Heat-Cool-Stir 1, 1, 1"
16727,02/26/2025 19:17:45,3,Input : Substrate,"Rack 3x4 six Kaufmann H-cells, Deck 12-13 Heat-Cool-Stir 1, 1, 1"
16774,02/26/2025 19:17:45,3,Input : Substrate,"Rack 3x4 six Kaufmann H-cells, Deck 12-13 Heat-Cool-Stir 1, 1, 1"
17035,02/26/2025 19:17:49,3,Input : Substrate,"Rack 6x15 ICP robotic, Deck 16-17 Waste 1, 1, 3"
17058,02/26/2025 19:17:49,3,Input : Substrate,"Rack 6x15 ICP robotic, Deck 16-17 Waste 1, 1, 3"
17081,02/26/2025 19:17:49,3,Input : Substrate,"Rack 6x15 ICP robotic, Deck 16-17 Waste 1, 1, 3"
17128,02/26/2025 19:17:49,3,Input : Substrate,"Rack 6x15 ICP robotic, Deck 16-17 Waste 1, 1, 3"
17179,02/26/2025 19:17:54,3,Input : Substrate,"Rack 6x15 ICP robotic, Deck 16-17 Waste 1, 1, 3"
17226,02/26/2025 19:17:54,3,Input : Substrate,"Rack 6x15 ICP robotic, Deck 16-17 Waste 1, 1, 3"
17260,02/26/2025 19:17:58,3,Output : Volume Dispensed,250
17298,02/26/2025 19:18:00,3,Output : Volume Dispensed,1000
17343,02/26/2025 19:18:04,3,Input : Substrate,"Rack 6x15 ICP robotic, Deck 16-17 Waste 1, 1, 3"
17390,02/26/2025 19:18:04,3,Input : Substrate,"Rack 6x15 ICP robotic, Deck 16-17 Waste 1, 1, 3"
18726,02/26/2025 19:18:50,1,Input : Substrate,"Rack 3x4 six Kaufmann H-cells, Deck 12-13 Heat-Cool-Stir 1, 1, 1"
18749,02/26/2025 19:18:50,1,Input : Substrate,"Rack 3x4 six Kaufmann H-cells, Deck 12-13 Heat-Cool-Stir 1, 1, 1"
18789,02/26/2025 19:18:51,1,Input : Substrate,"Rack 3x4 six Kaufmann H-cells, Deck 12-13 Heat-Cool-Stir 1, 1, 1"
18836,02/26/2025 19:18:51,1,Input : Substrate,"Rack 3x4 six Kaufmann H-cells, Deck 12-13 Heat-Cool-Stir 1, 1, 1"
18907,02/26/2025 19:19:02,1,Input : Substrate,"Rack 3x4 six Kaufmann H-cells, Deck 12-13 Heat-Cool-Stir 1, 1, 1"
18954,02/26/2025 19:19:02,1,Input : Substrate,"Rack 3x4 six Kaufmann H-cells, Deck 12-13 Heat-Cool-Stir 1, 1, 1"
18995,02/26/2025 19:19:06,1,Output : Volume Dispensed,250
19015,02/26/2025 19:19:09,1,Input : Substrate,"Rack 3x4 six Kaufmann H-cells, Deck 12-13 Heat-Cool-Stir 1, 1, 1"
19062,02/26/2025 19:19:09,1,Input : Substrate,"Rack 3x4 six Kaufmann H-cells, Deck 12-13 Heat-Cool-Stir 1, 1, 1"
20789,02/26/2025 19:20:02,4,Input : Substrate,"Rack 3x4 six Kaufmann H-cells, Deck 12-13 Heat-Cool-Stir 1, 2, 1"
20803,02/26/2025 19:20:02,4,Input : Substrate,"Rack 3x4 six Kaufmann H-cells, Deck 12-13 Heat-Cool-Stir 1, 2, 1"
20888,02/26/2025 19:20:02,4,Input : Substrate,"Rack 3x4 six Kaufmann H-cells, Deck 12-13 Heat-Cool-Stir 1, 2, 1"
20935,02/26/2025 19:20:02,4,Input : Substrate,"Rack 3x4 six Kaufmann H-cells, Deck 12-13 Heat-Cool-Stir 1, 2, 1"
21083,02/26/2025 19:20:16,4,Input : Substrate,"Rack 3x4 six Kaufmann H-cells, Deck 12-13 Heat-Cool-Stir 1, 2, 1"
21130,02/26/2025 19:20:16,4,Input : Substrate,"Rack 3x4 six Kaufmann H-cells, Deck 12-13 Heat-Cool-Stir 1, 2, 1"
21160,02/26/2025 19:20:18,4,Input : Substrate,"Rack 3x4 six Kaufmann H-cells, Deck 12-13 Heat-Cool-Stir 1, 2, 1"
21207,02/26/2025 19:20:18,4,Input : Substrate,"Rack 3x4 six Kaufmann H-cells, Deck 12-13 Heat-Cool-Stir 1, 2, 1"
21311,02/26/2025 19:20:30,4,Input : Substrate,"Rack 3x4 six Kaufmann H-cells, Deck 12-13 Heat-Cool-Stir 1, 2, 1"
21358,02/26/2025 19:20:30,4,Input : Substrate,"Rack 3x4 six Kaufmann H-cells, Deck 12-13 Heat-Cool-Stir 1, 2, 1"
21392,02/26/2025 19:20:35,4,Input : Substrate,"Rack 3x4 six Kaufmann H-cells, Deck 12-13 Heat-Cool-Stir 1, 2, 1"
21439,02/26/2025 19:20:35,4,Input : Substrate,"Rack 3x4 six Kaufmann H-cells, Deck 12-13 Heat-Cool-Stir 1, 2, 1"
21656,02/26/2025 19:20:37,4,Input : Substrate,"Rack 6x15 ICP robotic, Deck 16-17 Waste 1, 1, 4"
21679,02/26/2025 19:20:37,4,Input : Substrate,"Rack 6x15 ICP robotic, Deck 16-17 Waste 1, 1, 4"
21702,02/26/2025 19:20:37,4,Input : Substrate,"Rack 6x15 ICP robotic, Deck 16-17 Waste 1, 1, 4"
21749,02/26/2025 19:20:38,4,Input : Substrate,"Rack 6x15 ICP robotic, Deck 16-17 Waste 1, 1, 4"
21800,02/26/2025 19:20:43,4,Input : Substrate,"Rack 6x15 ICP robotic, Deck 16-17 Waste 1, 1, 4"
21847,02/26/2025 19:20:43,4,Input : Substrate,"Rack 6x15 ICP robotic, Deck 16-17 Waste 1, 1, 4"
21881,02/26/2025 19:20:47,4,Output : Volume Dispensed,250
21919,02/26/2025 19:20:49,4,Output : Volume Dispensed,1000
21964,02/26/2025 19:20:53,4,Input : Substrate,"Rack 6x15 ICP robotic, Deck 16-17 Waste 1, 1, 4"
22011,02/26/2025 19:20:53,4,Input : Substrate,"Rack 6x15 ICP robotic, Deck 16-17 Waste 1, 1, 4"
23347,02/26/2025 19:21:39,5,Input : Substrate,"Rack 3x4 six Kaufmann H-cells, Deck 12-13 Heat-Cool-Stir 1, 2, 1"
23370,02/26/2025 19:21:39,5,Input : Substrate,"Rack 3x4 six Kaufmann H-cells, Deck 12-13 Heat-Cool-Stir 1, 2, 1"
23410,02/26/2025 19:21:39,5,Input : Substrate,"Rack 3x4 six Kaufmann H-cells, Deck 12-13 Heat-Cool-Stir 1, 2, 1"
23457,02/26/2025 19:21:39,5,Input : Substrate,"Rack 3x4 six Kaufmann H-cells, Deck 12-13 Heat-Cool-Stir 1, 2, 1"
23528,02/26/2025 19:21:50,5,Input : Substrate,"Rack 3x4 six Kaufmann H-cells, Deck 12-13 Heat-Cool-Stir 1, 2, 1"
23575,02/26/2025 19:21:51,5,Input : Substrate,"Rack 3x4 six Kaufmann H-cells, Deck 12-13 Heat-Cool-Stir 1, 2, 1"
23616,02/26/2025 19:21:54,5,Output : Volume Dispensed,250
23636,02/26/2025 19:21:58,5,Input : Substrate,"Rack 3x4 six Kaufmann H-cells, Deck 12-13 Heat-Cool-Stir 1, 2, 1"
23683,02/26/2025 19:21:58,5,Input : Substrate,"Rack 3x4 six Kaufmann H-cells, Deck 12-13 Heat-Cool-Stir 1, 2, 1"
25410,02/26/2025 19:22:50,5,Input : Substrate,"Rack 3x4 six Kaufmann H-cells, Deck 12-13 Heat-Cool-Stir 1, 1, 1"
25424,02/26/2025 19:22:50,5,Input : Substrate,"Rack 3x4 six Kaufmann H-cells, Deck 12-13 Heat-Cool-Stir 1, 1, 1"
25509,02/26/2025 19:22:51,5,Input : Substrate,"Rack 3x4 six Kaufmann H-cells, Deck 12-13 Heat-Cool-Stir 1, 1, 1"
25556,02/26/2025 19:22:51,5,Input : Substrate,"Rack 3x4 six Kaufmann H-cells, Deck 12-13 Heat-Cool-Stir 1, 1, 1"
25704,02/26/2025 19:23:05,5,Input : Substrate,"Rack 3x4 six Kaufmann H-cells, Deck 12-13 Heat-Cool-Stir 1, 1, 1"
25751,02/26/2025 19:23:05,5,Input : Substrate,"Rack 3x4 six Kaufmann H-cells, Deck 12-13 Heat-Cool-Stir 1, 1, 1"
25781,02/26/2025 19:23:06,5,Input : Substrate,"Rack 3x4 six Kaufmann H-cells, Deck 12-13 Heat-Cool-Stir 1, 1, 1"
25828,02/26/2025 19:23:07,5,Input : Substrate,"Rack 3x4 six Kaufmann H-cells, Deck 12-13 Heat-Cool-Stir 1, 1, 1"
25932,02/26/2025 19:23:18,5,Input : Substrate,"Rack 3x4 six Kaufmann H-cells, Deck 12-13 Heat-Cool-Stir 1, 1, 1"
25979,02/26/2025 19:23:18,5,Input : Substrate,"Rack 3x4 six Kaufmann H-cells, Deck 12-13 Heat-Cool-Stir 1, 1, 1"
26013,02/26/2025 19:23:23,5,Input : Substrate,"Rack 3x4 six Kaufmann H-cells, Deck 12-13 Heat-Cool-Stir 1, 1, 1"
26060,02/26/2025 19:23:23,5,Input : Substrate,"Rack 3x4 six Kaufmann H-cells, Deck 12-13 Heat-Cool-Stir 1, 1, 1"
26277,02/26/2025 19:23:26,5,Input : Substrate,"Rack 6x15 ICP robotic, Deck 16-17 Waste 1, 1, 5"
26300,02/26/2025 19:23:26,5,Input : Substrate,"Rack 6x15 ICP robotic, Deck 16-17 Waste 1, 1, 5"
26323,02/26/2025 19:23:26,5,Input : Substrate,"Rack 6x15 ICP robotic, Deck 16-17 Waste 1, 1, 5"
26370,02/26/2025 19:23:26,5,Input : Substrate,"Rack 6x15 ICP robotic, Deck 16-17 Waste 1, 1, 5"
26421,02/26/2025 19:23:31,5,Input : Substrate,"Rack 6x15 ICP robotic, Deck 16-17 Waste 1, 1, 5"
26468,02/26/2025 19:23:31,5,Input : Substrate,"Rack 6x15 ICP robotic, Deck 16-17 Waste 1, 1, 5"
26502,02/26/2025 19:23:35,5,Output : Volume Dispensed,250
26540,02/26/2025 19:23:37,5,Output : Volume Dispensed,1000
26585,02/26/2025 19:23:41,5,Input : Substrate,"Rack 6x15 ICP robotic, Deck 16-17 Waste 1, 1, 5"
26632,02/26/2025 19:23:41,5,Input : Substrate,"Rack 6x15 ICP robotic, Deck 16-17 Waste 1, 1, 5"
27968,02/26/2025 19:24:27,1,Input : Substrate,"Rack 3x4 six Kaufmann H-cells, Deck 12-13 Heat-Cool-Stir 1, 1, 1"
27991,02/26/2025 19:24:27,1,Input : Substrate,"Rack 3x4 six Kaufmann H-cells, Deck 12-13 Heat-Cool-Stir 1, 1, 1"
28031,02/26/2025 19:24:27,1,Input : Substrate,"Rack 3x4 six Kaufmann H-cells, Deck 12-13 Heat-Cool-Stir 1, 1, 1"
28078,02/26/2025 19:24:28,1,Input : Substrate,"Rack 3x4 six Kaufmann H-cells, Deck 12-13 Heat-Cool-Stir 1, 1, 1"
28149,02/26/2025 19:24:39,1,Input : Substrate,"Rack 3x4 six Kaufmann H-cells, Deck 12-13 Heat-Cool-Stir 1, 1, 1"
28196,02/26/2025 19:24:39,1,Input : Substrate,"Rack 3x4 six Kaufmann H-cells, Deck 12-13 Heat-Cool-Stir 1, 1, 1"
28237,02/26/2025 19:24:43,1,Output : Volume Dispensed,250
28257,02/26/2025 19:24:46,1,Input : Substrate,"Rack 3x4 six Kaufmann H-cells, Deck 12-13 Heat-Cool-Stir 1, 1, 1"
28304,02/26/2025 19:24:46,1,Input : Substrate,"Rack 3x4 six Kaufmann H-cells, Deck 12-13 Heat-Cool-Stir 1, 1, 1"
30031,02/26/2025 19:25:38,6,Input : Substrate,"Rack 3x4 six Kaufmann H-cells, Deck 12-13 Heat-Cool-Stir 1, 2, 1"
30045,02/26/2025 19:25:39,6,Input : Substrate,"Rack 3x4 six Kaufmann H-cells, Deck 12-13 Heat-Cool-Stir 1, 2, 1"
30130,02/26/2025 19:25:39,6,Input : Substrate,"Rack 3x4 six Kaufmann H-cells, Deck 12-13 Heat-Cool-Stir 1, 2, 1"
30177,02/26/2025 19:25:39,6,Input : Substrate,"Rack 3x4 six Kaufmann H-cells, Deck 12-13 Heat-Cool-Stir 1, 2, 1"
30325,02/26/2025 19:25:53,6,Input : Substrate,"Rack 3x4 six Kaufmann H-cells, Deck 12-13 Heat-Cool-Stir 1, 2, 1"
30372,02/26/2025 19:25:53,6,Input : Substrate,"Rack 3x4 six Kaufmann H-cells, Deck 12-13 Heat-Cool-Stir 1, 2, 1"
30402,02/26/2025 19:25:55,6,Input : Substrate,"Rack 3x4 six Kaufmann H-cells, Deck 12-13 Heat-Cool-Stir 1, 2, 1"
30449,02/26/2025 19:25:55,6,Input : Substrate,"Rack 3x4 six Kaufmann H-cells, Deck 12-13 Heat-Cool-Stir 1, 2, 1"
30553,02/26/2025 19:26:07,6,Input : Substrate,"Rack 3x4 six Kaufmann H-cells, Deck 12-13 Heat-Cool-Stir 1, 2, 1"
30600,02/26/2025 19:26:07,6,Input : Substrate,"Rack 3x4 six Kaufmann H-cells, Deck 12-13 Heat-Cool-Stir 1, 2, 1"
30634,02/26/2025 19:26:12,6,Input : Substrate,"Rack 3x4 six Kaufmann H-cells, Deck 12-13 Heat-Cool-Stir 1, 2, 1"
30681,02/26/2025 19:26:12,6,Input : Substrate,"Rack 3x4 six Kaufmann H-cells, Deck 12-13 Heat-Cool-Stir 1, 2, 1"
30926,02/26/2025 19:26:15,6,Input : Substrate,"Rack 6x15 ICP robotic, Deck 16-17 Waste 1, 1, 6"
30949,02/26/2025 19:26:15,6,Input : Substrate,"Rack 6x15 ICP robotic, Deck 16-17 Waste 1, 1, 6"
30972,02/26/2025 19:26:15,6,Input : Substrate,"Rack 6x15 ICP robotic, Deck 16-17 Waste 1, 1, 6"
31019,02/26/2025 19:26:16,6,Input : Substrate,"Rack 6x15 ICP robotic, Deck 16-17 Waste 1, 1, 6"
31070,02/26/2025 19:26:21,6,Input : Substrate,"Rack 6x15 ICP robotic, Deck 16-17 Waste 1, 1, 6"
31117,02/26/2025 19:26:21,6,Input : Substrate,"Rack 6x15 ICP robotic, Deck 16-17 Waste 1, 1, 6"
31151,02/26/2025 19:26:25,6,Output : Volume Dispensed,250
31189,02/26/2025 19:26:27,6,Output : Volume Dispensed,1000
31234,02/26/2025 19:26:31,6,Input : Substrate,"Rack 6x15 ICP robotic, Deck 16-17 Waste 1, 1, 6"
31281,02/26/2025 19:26:31,6,Input : Substrate,"Rack 6x15 ICP robotic, Deck 16-17 Waste 1, 1, 6"
32617,02/26/2025 19:27:17,5,Input : Substrate,"Rack 3x4 six Kaufmann H-cells, Deck 12-13 Heat-Cool-Stir 1, 2, 1"
32640,02/26/2025 19:27:17,5,Input : Substrate,"Rack 3x4 six Kaufmann H-cells, Deck 12-13 Heat-Cool-Stir 1, 2, 1"
32680,02/26/2025 19:27:17,5,Input : Substrate,"Rack 3x4 six Kaufmann H-cells, Deck 12-13 Heat-Cool-Stir 1, 2, 1"
32727,02/26/2025 19:27:18,5,Input : Substrate,"Rack 3x4 six Kaufmann H-cells, Deck 12-13 Heat-Cool-Stir 1, 2, 1"
32798,02/26/2025 19:27:29,5,Input : Substrate,"Rack 3x4 six Kaufmann H-cells, Deck 12-13 Heat-Cool-Stir 1, 2, 1"
32845,02/26/2025 19:27:29,5,Input : Substrate,"Rack 3x4 six Kaufmann H-cells, Deck 12-13 Heat-Cool-Stir 1, 2, 1"
32886,02/26/2025 19:27:33,5,Output : Volume Dispensed,250
32906,02/26/2025 19:27:36,5,Input : Substrate,"Rack 3x4 six Kaufmann H-cells, Deck 12-13 Heat-Cool-Stir 1, 2, 1"
32953,02/26/2025 19:27:36,5,Input : Substrate,"Rack 3x4 six Kaufmann H-cells, Deck 12-13 Heat-Cool-Stir 1, 2, 1"
34680,02/26/2025 19:28:29,7,Input : Substrate,"Rack 3x4 six Kaufmann H-cells, Deck 12-13 Heat-Cool-Stir 1, 1, 1"
34694,02/26/2025 19:28:29,7,Input : Substrate,"Rack 3x4 six Kaufmann H-cells, Deck 12-13 Heat-Cool-Stir 1, 1, 1"
34779,02/26/2025 19:28:30,7,Input : Substrate,"Rack 3x4 six Kaufmann H-cells, Deck 12-13 Heat-Cool-Stir 1, 1, 1"
34826,02/26/2025 19:28:30,7,Input : Substrate,"Rack 3x4 six Kaufmann H-cells, Deck 12-13 Heat-Cool-Stir 1, 1, 1"
34974,02/26/2025 19:28:44,7,Input : Substrate,"Rack 3x4 six Kaufmann H-cells, Deck 12-13 Heat-Cool-Stir 1, 1, 1"
35021,02/26/2025 19:28:44,7,Input : Substrate,"Rack 3x4 six Kaufmann H-cells, Deck 12-13 Heat-Cool-Stir 1, 1, 1"
35051,02/26/2025 19:28:46,7,Input : Substrate,"Rack 3x4 six Kaufmann H-cells, Deck 12-13 Heat-Cool-Stir 1, 1, 1"
35098,02/26/2025 19:28:46,7,Input : Substrate,"Rack 3x4 six Kaufmann H-cells, Deck 12-13 Heat-Cool-Stir 1, 1, 1"
35202,02/26/2025 19:28:58,7,Input : Substrate,"Rack 3x4 six Kaufmann H-cells, Deck 12-13 Heat-Cool-Stir 1, 1, 1"
35249,02/26/2025 19:28:58,7,Input : Substrate,"Rack 3x4 six Kaufmann H-cells, Deck 12-13 Heat-Cool-Stir 1, 1, 1"
35283,02/26/2025 19:29:03,7,Input : Substrate,"Rack 3x4 six Kaufmann H-cells, Deck 12-13 Heat-Cool-Stir 1, 1, 1"
35330,02/26/2025 19:29:03,7,Input : Substrate,"Rack 3x4 six Kaufmann H-cells, Deck 12-13 Heat-Cool-Stir 1, 1, 1"
35591,02/26/2025 19:29:06,7,Input : Substrate,"Rack 6x15 ICP robotic, Deck 16-17 Waste 1, 1, 7"
35614,02/26/2025 19:29:06,7,Input : Substrate,"Rack 6x15 ICP robotic, Deck 16-17 Waste 1, 1, 7"
35637,02/26/2025 19:29:06,7,Input : Substrate,"Rack 6x15 ICP robotic, Deck 16-17 Waste 1, 1, 7"
35684,02/26/2025 19:29:07,7,Input : Substrate,"Rack 6x15 ICP robotic, Deck 16-17 Waste 1, 1, 7"
35735,02/26/2025 19:29:12,7,Input : Substrate,"Rack 6x15 ICP robotic, Deck 16-17 Waste 1, 1, 7"
35782,02/26/2025 19:29:12,7,Input : Substrate,"Rack 6x15 ICP robotic, Deck 16-17 Waste 1, 1, 7"
35816,02/26/2025 19:29:16,7,Output : Volume Dispensed,250
35854,02/26/2025 19:29:18,7,Output : Volume Dispensed,1000
35899,02/26/2025 19:29:22,7,Input : Substrate,"Rack 6x15 ICP robotic, Deck 16-17 Waste 1, 1, 7"
35946,02/26/2025 19:29:22,7,Input : Substrate,"Rack 6x15 ICP robotic, Deck 16-17 Waste 1, 1, 7"
37282,02/26/2025 19:30:08,1,Input : Substrate,"Rack 3x4 six Kaufmann H-cells, Deck 12-13 Heat-Cool-Stir 1, 1, 1"
37305,02/26/2025 19:30:08,1,Input : Substrate,"Rack 3x4 six Kaufmann H-cells, Deck 12-13 Heat-Cool-Stir 1, 1, 1"
37345,02/26/2025 19:30:08,1,Input : Substrate,"Rack 3x4 six Kaufmann H-cells, Deck 12-13 Heat-Cool-Stir 1, 1, 1"
37392,02/26/2025 19:30:09,1,Input : Substrate,"Rack 3x4 six Kaufmann H-cells, Deck 12-13 Heat-Cool-Stir 1, 1, 1"
37463,02/26/2025 19:30:20,1,Input : Substrate,"Rack 3x4 six Kaufmann H-cells, Deck 12-13 Heat-Cool-Stir 1, 1, 1"
37510,02/26/2025 19:30:20,1,Input : Substrate,"Rack 3x4 six Kaufmann H-cells, Deck 12-13 Heat-Cool-Stir 1, 1, 1"
37551,02/26/2025 19:30:24,1,Output : Volume Dispensed,250
37571,02/26/2025 19:30:27,1,Input : Substrate,"Rack 3x4 six Kaufmann H-cells, Deck 12-13 Heat-Cool-Stir 1, 1, 1"
37618,02/26/2025 19:30:27,1,Input : Substrate,"Rack 3x4 six Kaufmann H-cells, Deck 12-13 Heat-Cool-Stir 1, 1, 1"
39329,02/26/2025 19:31:20,8,Input : Substrate,"Rack 3x4 six Kaufmann H-cells, Deck 12-13 Heat-Cool-Stir 1, 2, 1"
39343,02/26/2025 19:31:20,8,Input : Substrate,"Rack 3x4 six Kaufmann H-cells, Deck 12-13 Heat-Cool-Stir 1, 2, 1"
39428,02/26/2025 19:31:20,8,Input : Substrate,"Rack 3x4 six Kaufmann H-cells, Deck 12-13 Heat-Cool-Stir 1, 2, 1"
39475,02/26/2025 19:31:20,8,Input : Substrate,"Rack 3x4 six Kaufmann H-cells, Deck 12-13 Heat-Cool-Stir 1, 2, 1"
39623,02/26/2025 19:31:34,8,Input : Substrate,"Rack 3x4 six Kaufmann H-cells, Deck 12-13 Heat-Cool-Stir 1, 2, 1"
39670,02/26/2025 19:31:34,8,Input : Substrate,"Rack 3x4 six Kaufmann H-cells, Deck 12-13 Heat-Cool-Stir 1, 2, 1"
39700,02/26/2025 19:31:36,8,Input : Substrate,"Rack 3x4 six Kaufmann H-cells, Deck 12-13 Heat-Cool-Stir 1, 2, 1"
39747,02/26/2025 19:31:36,8,Input : Substrate,"Rack 3x4 six Kaufmann H-cells, Deck 12-13 Heat-Cool-Stir 1, 2, 1"
39851,02/26/2025 19:31:48,8,Input : Substrate,"Rack 3x4 six Kaufmann H-cells, Deck 12-13 Heat-Cool-Stir 1, 2, 1"
39898,02/26/2025 19:31:48,8,Input : Substrate,"Rack 3x4 six Kaufmann H-cells, Deck 12-13 Heat-Cool-Stir 1, 2, 1"
39932,02/26/2025 19:31:53,8,Input : Substrate,"Rack 3x4 six Kaufmann H-cells, Deck 12-13 Heat-Cool-Stir 1, 2, 1"
39979,02/26/2025 19:31:53,8,Input : Substrate,"Rack 3x4 six Kaufmann H-cells, Deck 12-13 Heat-Cool-Stir 1, 2, 1"
40196,02/26/2025 19:31:55,8,Input : Substrate,"Rack 6x15 ICP robotic, Deck 16-17 Waste 1, 1, 8"
40219,02/26/2025 19:31:55,8,Input : Substrate,"Rack 6x15 ICP robotic, Deck 16-17 Waste 1, 1, 8"
40242,02/26/2025 19:31:55,8,Input : Substrate,"Rack 6x15 ICP robotic, Deck 16-17 Waste 1, 1, 8"
40289,02/26/2025 19:31:56,8,Input : Substrate,"Rack 6x15 ICP robotic, Deck 16-17 Waste 1, 1, 8"
40340,02/26/2025 19:32:01,8,Input : Substrate,"Rack 6x15 ICP robotic, Deck 16-17 Waste 1, 1, 8"
40387,02/26/2025 19:32:01,8,Input : Substrate,"Rack 6x15 ICP robotic, Deck 16-17 Waste 1, 1, 8"
40421,02/26/2025 19:32:05,8,Output : Volume Dispensed,250
40459,02/26/2025 19:32:07,8,Output : Volume Dispensed,1000
40504,02/26/2025 19:32:11,8,Input : Substrate,"Rack 6x15 ICP robotic, Deck 16-17 Waste 1, 1, 8"
40551,02/26/2025 19:32:11,8,Input : Substrate,"Rack 6x15 ICP robotic, Deck 16-17 Waste 1, 1, 8"
41843,02/26/2025 19:32:56,5,Input : Substrate,"Rack 3x4 six Kaufmann H-cells, Deck 12-13 Heat-Cool-Stir 1, 2, 1"
41866,02/26/2025 19:32:56,5,Input : Substrate,"Rack 3x4 six Kaufmann H-cells, Deck 12-13 Heat-Cool-Stir 1, 2, 1"
41906,02/26/2025 19:32:56,5,Input : Substrate,"Rack 3x4 six Kaufmann H-cells, Deck 12-13 Heat-Cool-Stir 1, 2, 1"
41953,02/26/2025 19:32:56,5,Input : Substrate,"Rack 3x4 six Kaufmann H-cells, Deck 12-13 Heat-Cool-Stir 1, 2, 1"
42024,02/26/2025 19:33:07,5,Input : Substrate,"Rack 3x4 six Kaufmann H-cells, Deck 12-13 Heat-Cool-Stir 1, 2, 1"
42071,02/26/2025 19:33:08,5,Input : Substrate,"Rack 3x4 six Kaufmann H-cells, Deck 12-13 Heat-Cool-Stir 1, 2, 1"
42112,02/26/2025 19:33:11,5,Output : Volume Dispensed,250
42132,02/26/2025 19:33:15,5,Input : Substrate,"Rack 3x4 six Kaufmann H-cells, Deck 12-13 Heat-Cool-Stir 1, 2, 1"
42179,02/26/2025 19:33:15,5,Input : Substrate,"Rack 3x4 six Kaufmann H-cells, Deck 12-13 Heat-Cool-Stir 1, 2, 1"
43862,02/26/2025 19:34:06,9,Input : Substrate,"Rack 3x4 six Kaufmann H-cells, Deck 12-13 Heat-Cool-Stir 1, 1, 1"
43876,02/26/2025 19:34:06,9,Input : Substrate,"Rack 3x4 six Kaufmann H-cells, Deck 12-13 Heat-Cool-Stir 1, 1, 1"
43961,02/26/2025 19:34:07,9,Input : Substrate,"Rack 3x4 six Kaufmann H-cells, Deck 12-13 Heat-Cool-Stir 1, 1, 1"
44008,02/26/2025 19:34:07,9,Input : Substrate,"Rack 3x4 six Kaufmann H-cells, Deck 12-13 Heat-Cool-Stir 1, 1, 1"
44156,02/26/2025 19:34:21,9,Input : Substrate,"Rack 3x4 six Kaufmann H-cells, Deck 12-13 Heat-Cool-Stir 1, 1, 1"
44203,02/26/2025 19:34:21,9,Input : Substrate,"Rack 3x4 six Kaufmann H-cells, Deck 12-13 Heat-Cool-Stir 1, 1, 1"
44233,02/26/2025 19:34:23,9,Input : Substrate,"Rack 3x4 six Kaufmann H-cells, Deck 12-13 Heat-Cool-Stir 1, 1, 1"
44280,02/26/2025 19:34:23,9,Input : Substrate,"Rack 3x4 six Kaufmann H-cells, Deck 12-13 Heat-Cool-Stir 1, 1, 1"
44384,02/26/2025 19:34:34,9,Input : Substrate,"Rack 3x4 six Kaufmann H-cells, Deck 12-13 Heat-Cool-Stir 1, 1, 1"
44431,02/26/2025 19:34:35,9,Input : Substrate,"Rack 3x4 six Kaufmann H-cells, Deck 12-13 Heat-Cool-Stir 1, 1, 1"
44465,02/26/2025 19:34:39,9,Input : Substrate,"Rack 3x4 six Kaufmann H-cells, Deck 12-13 Heat-Cool-Stir 1, 1, 1"
44512,02/26/2025 19:34:40,9,Input : Substrate,"Rack 3x4 six Kaufmann H-cells, Deck 12-13 Heat-Cool-Stir 1, 1, 1"
44773,02/26/2025 19:34:43,9,Input : Substrate,"Rack 6x15 ICP robotic, Deck 16-17 Waste 1, 1, 9"
44796,02/26/2025 19:34:43,9,Input : Substrate,"Rack 6x15 ICP robotic, Deck 16-17 Waste 1, 1, 9"
44819,02/26/2025 19:34:43,9,Input : Substrate,"Rack 6x15 ICP robotic, Deck 16-17 Waste 1, 1, 9"
44866,02/26/2025 19:34:44,9,Input : Substrate,"Rack 6x15 ICP robotic, Deck 16-17 Waste 1, 1, 9"
44917,02/26/2025 19:34:48,9,Input : Substrate,"Rack 6x15 ICP robotic, Deck 16-17 Waste 1, 1, 9"
44964,02/26/2025 19:34:49,9,Input : Substrate,"Rack 6x15 ICP robotic, Deck 16-17 Waste 1, 1, 9"
44998,02/26/2025 19:34:52,9,Output : Volume Dispensed,250
45036,02/26/2025 19:34:55,9,Output : Volume Dispensed,1000
45081,02/26/2025 19:34:59,9,Input : Substrate,"Rack 6x15 ICP robotic, Deck 16-17 Waste 1, 1, 9"
45128,02/26/2025 19:34:59,9,Input : Substrate,"Rack 6x15 ICP robotic, Deck 16-17 Waste 1, 1, 9"
46464,02/26/2025 19:35:45,1,Input : Substrate,"Rack 3x4 six Kaufmann H-cells, Deck 12-13 Heat-Cool-Stir 1, 1, 1"
46487,02/26/2025 19:35:45,1,Input : Substrate,"Rack 3x4 six Kaufmann H-cells, Deck 12-13 Heat-Cool-Stir 1, 1, 1"
46527,02/26/2025 19:35:45,1,Input : Substrate,"Rack 3x4 six Kaufmann H-cells, Deck 12-13 Heat-Cool-Stir 1, 1, 1"
46574,02/26/2025 19:35:45,1,Input : Substrate,"Rack 3x4 six Kaufmann H-cells, Deck 12-13 Heat-Cool-Stir 1, 1, 1"
46645,02/26/2025 19:35:56,1,Input : Substrate,"Rack 3x4 six Kaufmann H-cells, Deck 12-13 Heat-Cool-Stir 1, 1, 1"
46692,02/26/2025 19:35:57,1,Input : Substrate,"Rack 3x4 six Kaufmann H-cells, Deck 12-13 Heat-Cool-Stir 1, 1, 1"
46733,02/26/2025 19:36:00,1,Output : Volume Dispensed,250
46753,02/26/2025 19:36:04,1,Input : Substrate,"Rack 3x4 six Kaufmann H-cells, Deck 12-13 Heat-Cool-Stir 1, 1, 1"
46800,02/26/2025 19:36:04,1,Input : Substrate,"Rack 3x4 six Kaufmann H-cells, Deck 12-13 Heat-Cool-Stir 1, 1, 1"
48483,02/26/2025 19:36:55,10,Input : Substrate,"Rack 3x4 six Kaufmann H-cells, Deck 12-13 Heat-Cool-Stir 1, 2, 1"
48497,02/26/2025 19:36:55,10,Input : Substrate,"Rack 3x4 six Kaufmann H-cells, Deck 12-13 Heat-Cool-Stir 1, 2, 1"
48582,02/26/2025 19:36:55,10,Input : Substrate,"Rack 3x4 six Kaufmann H-cells, Deck 12-13 Heat-Cool-Stir 1, 2, 1"
48629,02/26/2025 19:36:56,10,Input : Substrate,"Rack 3x4 six Kaufmann H-cells, Deck 12-13 Heat-Cool-Stir 1, 2, 1"
48777,02/26/2025 19:37:09,10,Input : Substrate,"Rack 3x4 six Kaufmann H-cells, Deck 12-13 Heat-Cool-Stir 1, 2, 1"
48824,02/26/2025 19:37:10,10,Input : Substrate,"Rack 3x4 six Kaufmann H-cells, Deck 12-13 Heat-Cool-Stir 1, 2, 1"
48854,02/26/2025 19:37:11,10,Input : Substrate,"Rack 3x4 six Kaufmann H-cells, Deck 12-13 Heat-Cool-Stir 1, 2, 1"
48901,02/26/2025 19:37:12,10,Input : Substrate,"Rack 3x4 six Kaufmann H-cells, Deck 12-13 Heat-Cool-Stir 1, 2, 1"
49005,02/26/2025 19:37:23,10,Input : Substrate,"Rack 3x4 six Kaufmann H-cells, Deck 12-13 Heat-Cool-Stir 1, 2, 1"
49052,02/26/2025 19:37:23,10,Input : Substrate,"Rack 3x4 six Kaufmann H-cells, Deck 12-13 Heat-Cool-Stir 1, 2, 1"
49086,02/26/2025 19:37:28,10,Input : Substrate,"Rack 3x4 six Kaufmann H-cells, Deck 12-13 Heat-Cool-Stir 1, 2, 1"
49133,02/26/2025 19:37:28,10,Input : Substrate,"Rack 3x4 six Kaufmann H-cells, Deck 12-13 Heat-Cool-Stir 1, 2, 1"
49394,02/26/2025 19:37:32,10,Input : Substrate,"Rack 6x15 ICP robotic, Deck 16-17 Waste 1, 1, 10"
49417,02/26/2025 19:37:32,10,Input : Substrate,"Rack 6x15 ICP robotic, Deck 16-17 Waste 1, 1, 10"
49440,02/26/2025 19:37:32,10,Input : Substrate,"Rack 6x15 ICP robotic, Deck 16-17 Waste 1, 1, 10"
49487,02/26/2025 19:37:32,10,Input : Substrate,"Rack 6x15 ICP robotic, Deck 16-17 Waste 1, 1, 10"
49538,02/26/2025 19:37:37,10,Input : Substrate,"Rack 6x15 ICP robotic, Deck 16-17 Waste 1, 1, 10"
49585,02/26/2025 19:37:37,10,Input : Substrate,"Rack 6x15 ICP robotic, Deck 16-17 Waste 1, 1, 10"
49619,02/26/2025 19:37:41,10,Output : Volume Dispensed,250
49657,02/26/2025 19:37:44,10,Output : Volume Dispensed,1000
49702,02/26/2025 19:37:47,10,Input : Substrate,"Rack 6x15 ICP robotic, Deck 16-17 Waste 1, 1, 10"
49749,02/26/2025 19:37:48,10,Input : Substrate,"Rack 6x15 ICP robotic, Deck 16-17 Waste 1, 1, 10"
51069,02/26/2025 19:38:33,5,Input : Substrate,"Rack 3x4 six Kaufmann H-cells, Deck 12-13 Heat-Cool-Stir 1, 2, 1"
51092,02/26/2025 19:38:34,5,Input : Substrate,"Rack 3x4 six Kaufmann H-cells, Deck 12-13 Heat-Cool-Stir 1, 2, 1"
51132,02/26/2025 19:38:34,5,Input : Substrate,"Rack 3x4 six Kaufmann H-cells, Deck 12-13 Heat-Cool-Stir 1, 2, 1"
51179,02/26/2025 19:38:34,5,Input : Substrate,"Rack 3x4 six Kaufmann H-cells, Deck 12-13 Heat-Cool-Stir 1, 2, 1"
51250,02/26/2025 19:38:45,5,Input : Substrate,"Rack 3x4 six Kaufmann H-cells, Deck 12-13 Heat-Cool-Stir 1, 2, 1"
51297,02/26/2025 19:38:46,5,Input : Substrate,"Rack 3x4 six Kaufmann H-cells, Deck 12-13 Heat-Cool-Stir 1, 2, 1"
51338,02/26/2025 19:38:49,5,Output : Volume Dispensed,250
51358,02/26/2025 19:38:53,5,Input : Substrate,"Rack 3x4 six Kaufmann H-cells, Deck 12-13 Heat-Cool-Stir 1, 2, 1"
51405,02/26/2025 19:38:53,5,Input : Substrate,"Rack 3x4 six Kaufmann H-cells, Deck 12-13 Heat-Cool-Stir 1, 2, 1"
53116,02/26/2025 19:39:45,11,Input : Substrate,"Rack 3x4 six Kaufmann H-cells, Deck 12-13 Heat-Cool-Stir 1, 1, 1"
53130,02/26/2025 19:39:45,11,Input : Substrate,"Rack 3x4 six Kaufmann H-cells, Deck 12-13 Heat-Cool-Stir 1, 1, 1"
53215,02/26/2025 19:39:46,11,Input : Substrate,"Rack 3x4 six Kaufmann H-cells, Deck 12-13 Heat-Cool-Stir 1, 1, 1"
53262,02/26/2025 19:39:46,11,Input : Substrate,"Rack 3x4 six Kaufmann H-cells, Deck 12-13 Heat-Cool-Stir 1, 1, 1"
53410,02/26/2025 19:40:00,11,Input : Substrate,"Rack 3x4 six Kaufmann H-cells, Deck 12-13 Heat-Cool-Stir 1, 1, 1"
53457,02/26/2025 19:40:00,11,Input : Substrate,"Rack 3x4 six Kaufmann H-cells, Deck 12-13 Heat-Cool-Stir 1, 1, 1"
53487,02/26/2025 19:40:02,11,Input : Substrate,"Rack 3x4 six Kaufmann H-cells, Deck 12-13 Heat-Cool-Stir 1, 1, 1"
53534,02/26/2025 19:40:02,11,Input : Substrate,"Rack 3x4 six Kaufmann H-cells, Deck 12-13 Heat-Cool-Stir 1, 1, 1"
53638,02/26/2025 19:40:14,11,Input : Substrate,"Rack 3x4 six Kaufmann H-cells, Deck 12-13 Heat-Cool-Stir 1, 1, 1"
53685,02/26/2025 19:40:14,11,Input : Substrate,"Rack 3x4 six Kaufmann H-cells, Deck 12-13 Heat-Cool-Stir 1, 1, 1"
53719,02/26/2025 19:40:19,11,Input : Substrate,"Rack 3x4 six Kaufmann H-cells, Deck 12-13 Heat-Cool-Stir 1, 1, 1"
53766,02/26/2025 19:40:19,11,Input : Substrate,"Rack 3x4 six Kaufmann H-cells, Deck 12-13 Heat-Cool-Stir 1, 1, 1"
53983,02/26/2025 19:40:21,11,Input : Substrate,"Rack 6x15 ICP robotic, Deck 16-17 Waste 1, 1, 11"
54006,02/26/2025 19:40:21,11,Input : Substrate,"Rack 6x15 ICP robotic, Deck 16-17 Waste 1, 1, 11"
54029,02/26/2025 19:40:21,11,Input : Substrate,"Rack 6x15 ICP robotic, Deck 16-17 Waste 1, 1, 11"
54076,02/26/2025 19:40:21,11,Input : Substrate,"Rack 6x15 ICP robotic, Deck 16-17 Waste 1, 1, 11"
54127,02/26/2025 19:40:26,11,Input : Substrate,"Rack 6x15 ICP robotic, Deck 16-17 Waste 1, 1, 11"
54174,02/26/2025 19:40:26,11,Input : Substrate,"Rack 6x15 ICP robotic, Deck 16-17 Waste 1, 1, 11"
54208,02/26/2025 19:40:30,11,Output : Volume Dispensed,250
54246,02/26/2025 19:40:33,11,Output : Volume Dispensed,1000
54291,02/26/2025 19:40:36,11,Input : Substrate,"Rack 6x15 ICP robotic, Deck 16-17 Waste 1, 1, 11"
54338,02/26/2025 19:40:37,11,Input : Substrate,"Rack 6x15 ICP robotic, Deck 16-17 Waste 1, 1, 11"
55658,02/26/2025 19:41:23,1,Input : Substrate,"Rack 3x4 six Kaufmann H-cells, Deck 12-13 Heat-Cool-Stir 1, 1, 1"
55681,02/26/2025 19:41:23,1,Input : Substrate,"Rack 3x4 six Kaufmann H-cells, Deck 12-13 Heat-Cool-Stir 1, 1, 1"
55721,02/26/2025 19:41:23,1,Input : Substrate,"Rack 3x4 six Kaufmann H-cells, Deck 12-13 Heat-Cool-Stir 1, 1, 1"
55768,02/26/2025 19:41:23,1,Input : Substrate,"Rack 3x4 six Kaufmann H-cells, Deck 12-13 Heat-Cool-Stir 1, 1, 1"
55839,02/26/2025 19:41:34,1,Input : Substrate,"Rack 3x4 six Kaufmann H-cells, Deck 12-13 Heat-Cool-Stir 1, 1, 1"
55886,02/26/2025 19:41:35,1,Input : Substrate,"Rack 3x4 six Kaufmann H-cells, Deck 12-13 Heat-Cool-Stir 1, 1, 1"
55927,02/26/2025 19:41:38,1,Output : Volume Dispensed,250
55947,02/26/2025 19:41:42,1,Input : Substrate,"Rack 3x4 six Kaufmann H-cells, Deck 12-13 Heat-Cool-Stir 1, 1, 1"
55994,02/26/2025 19:41:42,1,Input : Substrate,"Rack 3x4 six Kaufmann H-cells, Deck 12-13 Heat-Cool-Stir 1, 1, 1"
57689,02/26/2025 19:42:34,12,Input : Substrate,"Rack 3x4 six Kaufmann H-cells, Deck 12-13 Heat-Cool-Stir 1, 2, 1"
57703,02/26/2025 19:42:34,12,Input : Substrate,"Rack 3x4 six Kaufmann H-cells, Deck 12-13 Heat-Cool-Stir 1, 2, 1"
57788,02/26/2025 19:42:35,12,Input : Substrate,"Rack 3x4 six Kaufmann H-cells, Deck 12-13 Heat-Cool-Stir 1, 2, 1"
57835,02/26/2025 19:42:35,12,Input : Substrate,"Rack 3x4 six Kaufmann H-cells, Deck 12-13 Heat-Cool-Stir 1, 2, 1"
57983,02/26/2025 19:42:49,12,Input : Substrate,"Rack 3x4 six Kaufmann H-cells, Deck 12-13 Heat-Cool-Stir 1, 2, 1"
58030,02/26/2025 19:42:49,12,Input : Substrate,"Rack 3x4 six Kaufmann H-cells, Deck 12-13 Heat-Cool-Stir 1, 2, 1"
58060,02/26/2025 19:42:50,12,Input : Substrate,"Rack 3x4 six Kaufmann H-cells, Deck 12-13 Heat-Cool-Stir 1, 2, 1"
58107,02/26/2025 19:42:51,12,Input : Substrate,"Rack 3x4 six Kaufmann H-cells, Deck 12-13 Heat-Cool-Stir 1, 2, 1"
58211,02/26/2025 19:43:02,12,Input : Substrate,"Rack 3x4 six Kaufmann H-cells, Deck 12-13 Heat-Cool-Stir 1, 2, 1"
58258,02/26/2025 19:43:03,12,Input : Substrate,"Rack 3x4 six Kaufmann H-cells, Deck 12-13 Heat-Cool-Stir 1, 2, 1"
58292,02/26/2025 19:43:07,12,Input : Substrate,"Rack 3x4 six Kaufmann H-cells, Deck 12-13 Heat-Cool-Stir 1, 2, 1"
58339,02/26/2025 19:43:08,12,Input : Substrate,"Rack 3x4 six Kaufmann H-cells, Deck 12-13 Heat-Cool-Stir 1, 2, 1"
58556,02/26/2025 19:43:10,12,Input : Substrate,"Rack 6x15 ICP robotic, Deck 16-17 Waste 1, 1, 12"
58579,02/26/2025 19:43:10,12,Input : Substrate,"Rack 6x15 ICP robotic, Deck 16-17 Waste 1, 1, 12"
58602,02/26/2025 19:43:10,12,Input : Substrate,"Rack 6x15 ICP robotic, Deck 16-17 Waste 1, 1, 12"
58649,02/26/2025 19:43:10,12,Input : Substrate,"Rack 6x15 ICP robotic, Deck 16-17 Waste 1, 1, 12"
58700,02/26/2025 19:43:15,12,Input : Substrate,"Rack 6x15 ICP robotic, Deck 16-17 Waste 1, 1, 12"
58747,02/26/2025 19:43:15,12,Input : Substrate,"Rack 6x15 ICP robotic, Deck 16-17 Waste 1, 1, 12"
58781,02/26/2025 19:43:19,12,Output : Volume Dispensed,250
58819,02/26/2025 19:43:21,12,Output : Volume Dispensed,1000
58864,02/26/2025 19:43:25,12,Input : Substrate,"Rack 6x15 ICP robotic, Deck 16-17 Waste 1, 1, 12"
58911,02/26/2025 19:43:25,12,Input : Substrate,"Rack 6x15 ICP robotic, Deck 16-17 Waste 1, 1, 12"
60247,02/26/2025 19:44:11,5,Input : Substrate,"Rack 3x4 six Kaufmann H-cells, Deck 12-13 Heat-Cool-Stir 1, 2, 1"
60270,02/26/2025 19:44:11,5,Input : Substrate,"Rack 3x4 six Kaufmann H-cells, Deck 12-13 Heat-Cool-Stir 1, 2, 1"
60310,02/26/2025 19:44:12,5,Input : Substrate,"Rack 3x4 six Kaufmann H-cells, Deck 12-13 Heat-Cool-Stir 1, 2, 1"
60357,02/26/2025 19:44:12,5,Input : Substrate,"Rack 3x4 six Kaufmann H-cells, Deck 12-13 Heat-Cool-Stir 1, 2, 1"
60428,02/26/2025 19:44:23,5,Input : Substrate,"Rack 3x4 six Kaufmann H-cells, Deck 12-13 Heat-Cool-Stir 1, 2, 1"
60475,02/26/2025 19:44:23,5,Input : Substrate,"Rack 3x4 six Kaufmann H-cells, Deck 12-13 Heat-Cool-Stir 1, 2, 1"
60516,02/26/2025 19:44:27,5,Output : Volume Dispensed,250
60536,02/26/2025 19:44:30,5,Input : Substrate,"Rack 3x4 six Kaufmann H-cells, Deck 12-13 Heat-Cool-Stir 1, 2, 1"
60583,02/26/2025 19:44:31,5,Input : Substrate,"Rack 3x4 six Kaufmann H-cells, Deck 12-13 Heat-Cool-Stir 1, 2, 1"
62310,02/26/2025 19:45:23,13,Input : Substrate,"Rack 3x4 six Kaufmann H-cells, Deck 12-13 Heat-Cool-Stir 1, 1, 1"
62324,02/26/2025 19:45:23,13,Input : Substrate,"Rack 3x4 six Kaufmann H-cells, Deck 12-13 Heat-Cool-Stir 1, 1, 1"
62409,02/26/2025 19:45:23,13,Input : Substrate,"Rack 3x4 six Kaufmann H-cells, Deck 12-13 Heat-Cool-Stir 1, 1, 1"
62456,02/26/2025 19:45:24,13,Input : Substrate,"Rack 3x4 six Kaufmann H-cells, Deck 12-13 Heat-Cool-Stir 1, 1, 1"
62604,02/26/2025 19:45:38,13,Input : Substrate,"Rack 3x4 six Kaufmann H-cells, Deck 12-13 Heat-Cool-Stir 1, 1, 1"
62651,02/26/2025 19:45:38,13,Input : Substrate,"Rack 3x4 six Kaufmann H-cells, Deck 12-13 Heat-Cool-Stir 1, 1, 1"
62681,02/26/2025 19:45:39,13,Input : Substrate,"Rack 3x4 six Kaufmann H-cells, Deck 12-13 Heat-Cool-Stir 1, 1, 1"
62728,02/26/2025 19:45:40,13,Input : Substrate,"Rack 3x4 six Kaufmann H-cells, Deck 12-13 Heat-Cool-Stir 1, 1, 1"
62832,02/26/2025 19:45:51,13,Input : Substrate,"Rack 3x4 six Kaufmann H-cells, Deck 12-13 Heat-Cool-Stir 1, 1, 1"
62879,02/26/2025 19:45:51,13,Input : Substrate,"Rack 3x4 six Kaufmann H-cells, Deck 12-13 Heat-Cool-Stir 1, 1, 1"
62913,02/26/2025 19:45:56,13,Input : Substrate,"Rack 3x4 six Kaufmann H-cells, Deck 12-13 Heat-Cool-Stir 1, 1, 1"
62960,02/26/2025 19:45:56,13,Input : Substrate,"Rack 3x4 six Kaufmann H-cells, Deck 12-13 Heat-Cool-Stir 1, 1, 1"
63221,02/26/2025 19:46:00,13,Input : Substrate,"Rack 6x15 ICP robotic, Deck 16-17 Waste 1, 1, 13"
63244,02/26/2025 19:46:00,13,Input : Substrate,"Rack 6x15 ICP robotic, Deck 16-17 Waste 1, 1, 13"
63267,02/26/2025 19:46:00,13,Input : Substrate,"Rack 6x15 ICP robotic, Deck 16-17 Waste 1, 1, 13"
63314,02/26/2025 19:46:00,13,Input : Substrate,"Rack 6x15 ICP robotic, Deck 16-17 Waste 1, 1, 13"
63365,02/26/2025 19:46:05,13,Input : Substrate,"Rack 6x15 ICP robotic, Deck 16-17 Waste 1, 1, 13"
63412,02/26/2025 19:46:05,13,Input : Substrate,"Rack 6x15 ICP robotic, Deck 16-17 Waste 1, 1, 13"
63446,02/26/2025 19:46:09,13,Output : Volume Dispensed,250
63484,02/26/2025 19:46:11,13,Output : Volume Dispensed,1000
63529,02/26/2025 19:46:15,13,Input : Substrate,"Rack 6x15 ICP robotic, Deck 16-17 Waste 1, 1, 13"
63576,02/26/2025 19:46:16,13,Input : Substrate,"Rack 6x15 ICP robotic, Deck 16-17 Waste 1, 1, 13"
64896,02/26/2025 19:47:02,1,Input : Substrate,"Rack 3x4 six Kaufmann H-cells, Deck 12-13 Heat-Cool-Stir 1, 1, 1"
64919,02/26/2025 19:47:02,1,Input : Substrate,"Rack 3x4 six Kaufmann H-cells, Deck 12-13 Heat-Cool-Stir 1, 1, 1"
64959,02/26/2025 19:47:02,1,Input : Substrate,"Rack 3x4 six Kaufmann H-cells, Deck 12-13 Heat-Cool-Stir 1, 1, 1"
65006,02/26/2025 19:47:02,1,Input : Substrate,"Rack 3x4 six Kaufmann H-cells, Deck 12-13 Heat-Cool-Stir 1, 1, 1"
65077,02/26/2025 19:47:13,1,Input : Substrate,"Rack 3x4 six Kaufmann H-cells, Deck 12-13 Heat-Cool-Stir 1, 1, 1"
65124,02/26/2025 19:47:14,1,Input : Substrate,"Rack 3x4 six Kaufmann H-cells, Deck 12-13 Heat-Cool-Stir 1, 1, 1"
65165,02/26/2025 19:47:17,1,Output : Volume Dispensed,250
65185,02/26/2025 19:47:21,1,Input : Substrate,"Rack 3x4 six Kaufmann H-cells, Deck 12-13 Heat-Cool-Stir 1, 1, 1"
65232,02/26/2025 19:47:21,1,Input : Substrate,"Rack 3x4 six Kaufmann H-cells, Deck 12-13 Heat-Cool-Stir 1, 1, 1"
66943,02/26/2025 19:48:13,14,Input : Substrate,"Rack 3x4 six Kaufmann H-cells, Deck 12-13 Heat-Cool-Stir 1, 2, 1"
66957,02/26/2025 19:48:13,14,Input : Substrate,"Rack 3x4 six Kaufmann H-cells, Deck 12-13 Heat-Cool-Stir 1, 2, 1"
67042,02/26/2025 19:48:14,14,Input : Substrate,"Rack 3x4 six Kaufmann H-cells, Deck 12-13 Heat-Cool-Stir 1, 2, 1"
67089,02/26/2025 19:48:14,14,Input : Substrate,"Rack 3x4 six Kaufmann H-cells, Deck 12-13 Heat-Cool-Stir 1, 2, 1"
67237,02/26/2025 19:48:28,14,Input : Substrate,"Rack 3x4 six Kaufmann H-cells, Deck 12-13 Heat-Cool-Stir 1, 2, 1"
67284,02/26/2025 19:48:28,14,Input : Substrate,"Rack 3x4 six Kaufmann H-cells, Deck 12-13 Heat-Cool-Stir 1, 2, 1"
67314,02/26/2025 19:48:30,14,Input : Substrate,"Rack 3x4 six Kaufmann H-cells, Deck 12-13 Heat-Cool-Stir 1, 2, 1"
67361,02/26/2025 19:48:30,14,Input : Substrate,"Rack 3x4 six Kaufmann H-cells, Deck 12-13 Heat-Cool-Stir 1, 2, 1"
67465,02/26/2025 19:48:42,14,Input : Substrate,"Rack 3x4 six Kaufmann H-cells, Deck 12-13 Heat-Cool-Stir 1, 2, 1"
67512,02/26/2025 19:48:42,14,Input : Substrate,"Rack 3x4 six Kaufmann H-cells, Deck 12-13 Heat-Cool-Stir 1, 2, 1"
67546,02/26/2025 19:48:47,14,Input : Substrate,"Rack 3x4 six Kaufmann H-cells, Deck 12-13 Heat-Cool-Stir 1, 2, 1"
67593,02/26/2025 19:48:47,14,Input : Substrate,"Rack 3x4 six Kaufmann H-cells, Deck 12-13 Heat-Cool-Stir 1, 2, 1"
67810,02/26/2025 19:48:49,14,Input : Substrate,"Rack 6x15 ICP robotic, Deck 16-17 Waste 1, 1, 14"
67833,02/26/2025 19:48:49,14,Input : Substrate,"Rack 6x15 ICP robotic, Deck 16-17 Waste 1, 1, 14"
67856,02/26/2025 19:48:49,14,Input : Substrate,"Rack 6x15 ICP robotic, Deck 16-17 Waste 1, 1, 14"
67903,02/26/2025 19:48:49,14,Input : Substrate,"Rack 6x15 ICP robotic, Deck 16-17 Waste 1, 1, 14"
67954,02/26/2025 19:48:54,14,Input : Substrate,"Rack 6x15 ICP robotic, Deck 16-17 Waste 1, 1, 14"
68001,02/26/2025 19:48:55,14,Input : Substrate,"Rack 6x15 ICP robotic, Deck 16-17 Waste 1, 1, 14"
68035,02/26/2025 19:48:58,14,Output : Volume Dispensed,250
68073,02/26/2025 19:49:01,14,Output : Volume Dispensed,1000
68118,02/26/2025 19:49:05,14,Input : Substrate,"Rack 6x15 ICP robotic, Deck 16-17 Waste 1, 1, 14"
68165,02/26/2025 19:49:05,14,Input : Substrate,"Rack 6x15 ICP robotic, Deck 16-17 Waste 1, 1, 14"
69485,02/26/2025 19:49:51,5,Input : Substrate,"Rack 3x4 six Kaufmann H-cells, Deck 12-13 Heat-Cool-Stir 1, 2, 1"
69508,02/26/2025 19:49:51,5,Input : Substrate,"Rack 3x4 six Kaufmann H-cells, Deck 12-13 Heat-Cool-Stir 1, 2, 1"
69548,02/26/2025 19:49:51,5,Input : Substrate,"Rack 3x4 six Kaufmann H-cells, Deck 12-13 Heat-Cool-Stir 1, 2, 1"
69595,02/26/2025 19:49:51,5,Input : Substrate,"Rack 3x4 six Kaufmann H-cells, Deck 12-13 Heat-Cool-Stir 1, 2, 1"
69666,02/26/2025 19:50:02,5,Input : Substrate,"Rack 3x4 six Kaufmann H-cells, Deck 12-13 Heat-Cool-Stir 1, 2, 1"
69713,02/26/2025 19:50:03,5,Input : Substrate,"Rack 3x4 six Kaufmann H-cells, Deck 12-13 Heat-Cool-Stir 1, 2, 1"
69754,02/26/2025 19:50:06,5,Output : Volume Dispensed,250
69774,02/26/2025 19:50:10,5,Input : Substrate,"Rack 3x4 six Kaufmann H-cells, Deck 12-13 Heat-Cool-Stir 1, 2, 1"
69821,02/26/2025 19:50:10,5,Input : Substrate,"Rack 3x4 six Kaufmann H-cells, Deck 12-13 Heat-Cool-Stir 1, 2, 1"
71548,02/26/2025 19:51:02,15,Input : Substrate,"Rack 3x4 six Kaufmann H-cells, Deck 12-13 Heat-Cool-Stir 1, 1, 1"
71562,02/26/2025 19:51:02,15,Input : Substrate,"Rack 3x4 six Kaufmann H-cells, Deck 12-13 Heat-Cool-Stir 1, 1, 1"
71647,02/26/2025 19:51:03,15,Input : Substrate,"Rack 3x4 six Kaufmann H-cells, Deck 12-13 Heat-Cool-Stir 1, 1, 1"
71694,02/26/2025 19:51:03,15,Input : Substrate,"Rack 3x4 six Kaufmann H-cells, Deck 12-13 Heat-Cool-Stir 1, 1, 1"
71842,02/26/2025 19:51:17,15,Input : Substrate,"Rack 3x4 six Kaufmann H-cells, Deck 12-13 Heat-Cool-Stir 1, 1, 1"
71889,02/26/2025 19:51:17,15,Input : Substrate,"Rack 3x4 six Kaufmann H-cells, Deck 12-13 Heat-Cool-Stir 1, 1, 1"
71919,02/26/2025 19:51:19,15,Input : Substrate,"Rack 3x4 six Kaufmann H-cells, Deck 12-13 Heat-Cool-Stir 1, 1, 1"
71966,02/26/2025 19:51:19,15,Input : Substrate,"Rack 3x4 six Kaufmann H-cells, Deck 12-13 Heat-Cool-Stir 1, 1, 1"
72070,02/26/2025 19:51:30,15,Input : Substrate,"Rack 3x4 six Kaufmann H-cells, Deck 12-13 Heat-Cool-Stir 1, 1, 1"
72117,02/26/2025 19:51:31,15,Input : Substrate,"Rack 3x4 six Kaufmann H-cells, Deck 12-13 Heat-Cool-Stir 1, 1, 1"
72151,02/26/2025 19:51:36,15,Input : Substrate,"Rack 3x4 six Kaufmann H-cells, Deck 12-13 Heat-Cool-Stir 1, 1, 1"
72198,02/26/2025 19:51:36,15,Input : Substrate,"Rack 3x4 six Kaufmann H-cells, Deck 12-13 Heat-Cool-Stir 1, 1, 1"
72415,02/26/2025 19:51:38,15,Input : Substrate,"Rack 6x15 ICP robotic, Deck 16-17 Waste 1, 1, 15"
72438,02/26/2025 19:51:38,15,Input : Substrate,"Rack 6x15 ICP robotic, Deck 16-17 Waste 1, 1, 15"
72461,02/26/2025 19:51:38,15,Input : Substrate,"Rack 6x15 ICP robotic, Deck 16-17 Waste 1, 1, 15"
72508,02/26/2025 19:51:38,15,Input : Substrate,"Rack 6x15 ICP robotic, Deck 16-17 Waste 1, 1, 15"
72559,02/26/2025 19:51:43,15,Input : Substrate,"Rack 6x15 ICP robotic, Deck 16-17 Waste 1, 1, 15"
72606,02/26/2025 19:51:43,15,Input : Substrate,"Rack 6x15 ICP robotic, Deck 16-17 Waste 1, 1, 15"
72640,02/26/2025 19:51:47,15,Output : Volume Dispensed,250
72678,02/26/2025 19:51:49,15,Output : Volume Dispensed,1000
72723,02/26/2025 19:51:53,15,Input : Substrate,"Rack 6x15 ICP robotic, Deck 16-17 Waste 1, 1, 15"
72770,02/26/2025 19:51:54,15,Input : Substrate,"Rack 6x15 ICP robotic, Deck 16-17 Waste 1, 1, 15"
74090,02/26/2025 19:52:40,1,Input : Substrate,"Rack 3x4 six Kaufmann H-cells, Deck 12-13 Heat-Cool-Stir 1, 1, 1"
74113,02/26/2025 19:52:40,1,Input : Substrate,"Rack 3x4 six Kaufmann H-cells, Deck 12-13 Heat-Cool-Stir 1, 1, 1"
74153,02/26/2025 19:52:40,1,Input : Substrate,"Rack 3x4 six Kaufmann H-cells, Deck 12-13 Heat-Cool-Stir 1, 1, 1"
74200,02/26/2025 19:52:40,1,Input : Substrate,"Rack 3x4 six Kaufmann H-cells, Deck 12-13 Heat-Cool-Stir 1, 1, 1"
74271,02/26/2025 19:52:51,1,Input : Substrate,"Rack 3x4 six Kaufmann H-cells, Deck 12-13 Heat-Cool-Stir 1, 1, 1"
74318,02/26/2025 19:52:52,1,Input : Substrate,"Rack 3x4 six Kaufmann H-cells, Deck 12-13 Heat-Cool-Stir 1, 1, 1"
74359,02/26/2025 19:52:55,1,Output : Volume Dispensed,250
74379,02/26/2025 19:52:59,1,Input : Substrate,"Rack 3x4 six Kaufmann H-cells, Deck 12-13 Heat-Cool-Stir 1, 1, 1"
74426,02/26/2025 19:52:59,1,Input : Substrate,"Rack 3x4 six Kaufmann H-cells, Deck 12-13 Heat-Cool-Stir 1, 1, 1"
