index,timestamp,well,name,value
3341,03/05/2025 14:19:03,1,Input : Substrate,"Rack 3x4 six Kaufmann H-cells, Deck 12-13 Heat-Cool-Stir 1, 1, 1"
3355,03/05/2025 14:19:03,1,Input : Substrate,"Rack 3x4 six Kaufmann H-cells, Deck 12-13 Heat-Cool-Stir 1, 1, 1"
3440,03/05/2025 14:19:03,1,Input : Substrate,"Rack 3x4 six Kaufmann H-cells, Deck 12-13 Heat-Cool-Stir 1, 1, 1"
3487,03/05/2025 14:19:04,1,Input : Substrate,"Rack 3x4 six Kaufmann H-cells, Deck 12-13 Heat-Cool-Stir 1, 1, 1"
3635,03/05/2025 14:19:40,1,Input : Substrate,"Rack 3x4 six Kaufmann H-cells, Deck 12-13 Heat-Cool-Stir 1, 1, 1"
3682,03/05/2025 14:19:40,1,Input : Substrate,"Rack 3x4 six Kaufmann H-cells, Deck 12-13 Heat-Cool-Stir 1, 1, 1"
3712,03/05/2025 14:19:42,1,Input : Substrate,"Rack 3x4 six Kaufmann H-cells, Deck 12-13 Heat-Cool-Stir 1, 1, 1"
3759,03/05/2025 14:19:43,1,Input : Substrate,"Rack 3x4 six Kaufmann H-cells, Deck 12-13 Heat-Cool-Stir 1, 1, 1"
3863,03/05/2025 14:19:57,1,Input : Substrate,"Rack 3x4 six Kaufmann H-cells, Deck 12-13 Heat-Cool-Stir 1, 1, 1"
3910,03/05/2025 14:19:57,1,Input : Substrate,"Rack 3x4 six Kaufmann H-cells, Deck 12-13 Heat-Cool-Stir 1, 1, 1"
3944,03/05/2025 14:20:05,1,Input : Substrate,"Rack 3x4 six Kaufmann H-cells, Deck 12-13 Heat-Cool-Stir 1, 1, 1"
3991,03/05/2025 14:20:05,1,Input : Substrate,"Rack 3x4 six Kaufmann H-cells, Deck 12-13 Heat-Cool-Stir 1, 1, 1"
4252,03/05/2025 14:20:10,1,Input : Substrate,"Rack 6x15 ICP robotic, Deck 16-17 Waste 1, 1, 1"
4275,03/05/2025 14:20:10,1,Input : Substrate,"Rack 6x15 ICP robotic, Deck 16-17 Waste 1, 1, 1"
4298,03/05/2025 14:20:10,1,Input : Substrate,"Rack 6x15 ICP robotic, Deck 16-17 Waste 1, 1, 1"
4345,03/05/2025 14:20:10,1,Input : Substrate,"Rack 6x15 ICP robotic, Deck 16-17 Waste 1, 1, 1"
4396,03/05/2025 14:20:34,1,Input : Substrate,"Rack 6x15 ICP robotic, Deck 16-17 Waste 1, 1, 1"
4443,03/05/2025 14:20:34,1,Input : Substrate,"Rack 6x15 ICP robotic, Deck 16-17 Waste 1, 1, 1"
4477,03/05/2025 14:20:40,1,Output : Volume Dispensed,250
4515,03/05/2025 14:20:43,1,Output : Volume Dispensed,1000
4560,03/05/2025 14:20:47,1,Input : Substrate,"Rack 6x15 ICP robotic, Deck 16-17 Waste 1, 1, 1"
4607,03/05/2025 14:20:47,1,Input : Substrate,"Rack 6x15 ICP robotic, Deck 16-17 Waste 1, 1, 1"
5941,03/05/2025 14:21:58,1,Input : Substrate,"Rack 3x4 six Kaufmann H-cells, Deck 12-13 Heat-Cool-Stir 1, 1, 1"
5964,03/05/2025 14:21:58,1,Input : Substrate,"Rack 3x4 six Kaufmann H-cells, Deck 12-13 Heat-Cool-Stir 1, 1, 1"
6004,03/05/2025 14:21:59,1,Input : Substrate,"Rack 3x4 six Kaufmann H-cells, Deck 12-13 Heat-Cool-Stir 1, 1, 1"
6051,03/05/2025 14:21:59,1,Input : Substrate,"Rack 3x4 six Kaufmann H-cells, Deck 12-13 Heat-Cool-Stir 1, 1, 1"
6122,03/05/2025 14:22:34,1,Input : Substrate,"Rack 3x4 six Kaufmann H-cells, Deck 12-13 Heat-Cool-Stir 1, 1, 1"
6169,03/05/2025 14:22:34,1,Input : Substrate,"Rack 3x4 six Kaufmann H-cells, Deck 12-13 Heat-Cool-Stir 1, 1, 1"
6210,03/05/2025 14:22:38,1,Output : Volume Dispensed,250
6230,03/05/2025 14:22:42,1,Input : Substrate,"Rack 3x4 six Kaufmann H-cells, Deck 12-13 Heat-Cool-Stir 1, 1, 1"
6277,03/05/2025 14:22:42,1,Input : Substrate,"Rack 3x4 six Kaufmann H-cells, Deck 12-13 Heat-Cool-Stir 1, 1, 1"
7805,03/05/2025 14:23:57,2,Input : Substrate,"Rack 3x4 six Kaufmann H-cells, Deck 12-13 Heat-Cool-Stir 1, 2, 1"
7819,03/05/2025 14:23:57,2,Input : Substrate,"Rack 3x4 six Kaufmann H-cells, Deck 12-13 Heat-Cool-Stir 1, 2, 1"
7904,03/05/2025 14:23:57,2,Input : Substrate,"Rack 3x4 six Kaufmann H-cells, Deck 12-13 Heat-Cool-Stir 1, 2, 1"
7951,03/05/2025 14:23:57,2,Input : Substrate,"Rack 3x4 six Kaufmann H-cells, Deck 12-13 Heat-Cool-Stir 1, 2, 1"
8099,03/05/2025 14:24:34,2,Input : Substrate,"Rack 3x4 six Kaufmann H-cells, Deck 12-13 Heat-Cool-Stir 1, 2, 1"
8146,03/05/2025 14:24:34,2,Input : Substrate,"Rack 3x4 six Kaufmann H-cells, Deck 12-13 Heat-Cool-Stir 1, 2, 1"
8176,03/05/2025 14:24:37,2,Input : Substrate,"Rack 3x4 six Kaufmann H-cells, Deck 12-13 Heat-Cool-Stir 1, 2, 1"
8223,03/05/2025 14:24:37,2,Input : Substrate,"Rack 3x4 six Kaufmann H-cells, Deck 12-13 Heat-Cool-Stir 1, 2, 1"
8327,03/05/2025 14:24:52,2,Input : Substrate,"Rack 3x4 six Kaufmann H-cells, Deck 12-13 Heat-Cool-Stir 1, 2, 1"
8374,03/05/2025 14:24:52,2,Input : Substrate,"Rack 3x4 six Kaufmann H-cells, Deck 12-13 Heat-Cool-Stir 1, 2, 1"
8408,03/05/2025 14:25:00,2,Input : Substrate,"Rack 3x4 six Kaufmann H-cells, Deck 12-13 Heat-Cool-Stir 1, 2, 1"
8455,03/05/2025 14:25:00,2,Input : Substrate,"Rack 3x4 six Kaufmann H-cells, Deck 12-13 Heat-Cool-Stir 1, 2, 1"
8716,03/05/2025 14:25:04,2,Input : Substrate,"Rack 6x15 ICP robotic, Deck 16-17 Waste 1, 1, 2"
8739,03/05/2025 14:25:04,2,Input : Substrate,"Rack 6x15 ICP robotic, Deck 16-17 Waste 1, 1, 2"
8762,03/05/2025 14:25:04,2,Input : Substrate,"Rack 6x15 ICP robotic, Deck 16-17 Waste 1, 1, 2"
8809,03/05/2025 14:25:05,2,Input : Substrate,"Rack 6x15 ICP robotic, Deck 16-17 Waste 1, 1, 2"
8860,03/05/2025 14:25:29,2,Input : Substrate,"Rack 6x15 ICP robotic, Deck 16-17 Waste 1, 1, 2"
8907,03/05/2025 14:25:30,2,Input : Substrate,"Rack 6x15 ICP robotic, Deck 16-17 Waste 1, 1, 2"
8941,03/05/2025 14:25:36,2,Output : Volume Dispensed,250
8979,03/05/2025 14:25:38,2,Output : Volume Dispensed,1000
9024,03/05/2025 14:25:42,2,Input : Substrate,"Rack 6x15 ICP robotic, Deck 16-17 Waste 1, 1, 2"
9071,03/05/2025 14:25:42,2,Input : Substrate,"Rack 6x15 ICP robotic, Deck 16-17 Waste 1, 1, 2"
10380,03/05/2025 14:26:54,5,Input : Substrate,"Rack 3x4 six Kaufmann H-cells, Deck 12-13 Heat-Cool-Stir 1, 2, 1"
10403,03/05/2025 14:26:54,5,Input : Substrate,"Rack 3x4 six Kaufmann H-cells, Deck 12-13 Heat-Cool-Stir 1, 2, 1"
10443,03/05/2025 14:26:54,5,Input : Substrate,"Rack 3x4 six Kaufmann H-cells, Deck 12-13 Heat-Cool-Stir 1, 2, 1"
10490,03/05/2025 14:26:54,5,Input : Substrate,"Rack 3x4 six Kaufmann H-cells, Deck 12-13 Heat-Cool-Stir 1, 2, 1"
10561,03/05/2025 14:27:30,5,Input : Substrate,"Rack 3x4 six Kaufmann H-cells, Deck 12-13 Heat-Cool-Stir 1, 2, 1"
10608,03/05/2025 14:27:30,5,Input : Substrate,"Rack 3x4 six Kaufmann H-cells, Deck 12-13 Heat-Cool-Stir 1, 2, 1"
10649,03/05/2025 14:27:33,5,Output : Volume Dispensed,250
10669,03/05/2025 14:27:37,5,Input : Substrate,"Rack 3x4 six Kaufmann H-cells, Deck 12-13 Heat-Cool-Stir 1, 2, 1"
10716,03/05/2025 14:27:37,5,Input : Substrate,"Rack 3x4 six Kaufmann H-cells, Deck 12-13 Heat-Cool-Stir 1, 2, 1"
