{
    "code": "227X1",
    "barcode": "0000XX",
    "rack": {
        "name": "Rack 3x4 six Kaufmann H-cells",
        "type": "ICP12",
        "instrument": "BK",
        "position": "Deck 12-13 Heat-Cool-Stir 1",
        "label": "",
        "code": null,
        "holder": null,
        "items": 12,
        "layout": "rectangular",
        "rows": 3,
        "columns": 4
    },
    "route": {
        "ready": "no",
        "type": "active",
        "priority": "clear",
        "route": [
            "UR5",
            "Storage",
            "UR5",
            "ICP",
            "UR5",
            "Trash"
        ],
        "step": 0,
        "datetimes": []
    },
    "creator": {
        "location": "BK",
        "position": "Deck 12-13 Heat-Cool-Stir 1",
        "ID": "plate1",
        "protocol": 1131,
        "datetime": "2025-03-08 19:09:37.708213",
        "content": {
            "plate1:A1": {
                "composition": {
                    "solvent": 1.0
                },
                "constitution": {},
                "volume": 100000.0,
                "timestamp": "20250308_190936",
                "parents": [
                    "solvent"
                ],
                "parent_volumes": [
                    100000.0
                ],
                "type": "uniform feed",
                "container": "glass vial",
                "name": ""
            },
            "plate1:A2": {
                "composition": {
                    "solvent": 1.0
                },
                "constitution": {},
                "volume": 100000.0,
                "timestamp": "20250308_190936",
                "parents": [
                    "solvent"
                ],
                "parent_volumes": [
                    100000.0
                ],
                "type": "uniform feed",
                "container": "glass vial",
                "name": ""
            },
            "plate1:A3": {
                "composition": {
                    "solvent": 0.9900990099009901,
                    "mixture1": 0.00990099009900991
                },
                "constitution": {
                    "Na": 0.1980198019801982,
                    "Y": 0.04950495049504955
                },
                "volume": 101000.0,
                "timestamp": "20250308_190936",
                "parents": [
                    "solvent",
                    "source1:A1"
                ],
                "parent_volumes": [
                    100000.0,
                    1000
                ],
                "type": "uniform feed",
                "container": "glass vial",
                "name": ""
            },
            "plate1:A4": {
                "composition": {
                    "solvent": 1.0
                },
                "constitution": {},
                "volume": 100000.0,
                "timestamp": "20250308_190936",
                "parents": [
                    "solvent"
                ],
                "parent_volumes": [
                    100000.0
                ],
                "type": "uniform feed",
                "container": "glass vial",
                "name": ""
            },
            "plate1:B1": {
                "composition": {
                    "solvent": 1.0
                },
                "constitution": {},
                "volume": 100000.0,
                "timestamp": "20250308_190936",
                "parents": [
                    "solvent"
                ],
                "parent_volumes": [
                    100000.0
                ],
                "type": "uniform feed",
                "container": "glass vial",
                "name": ""
            },
            "plate1:B2": {
                "composition": {
                    "solvent": 1.0
                },
                "constitution": {},
                "volume": 100000.0,
                "timestamp": "20250308_190936",
                "parents": [
                    "solvent"
                ],
                "parent_volumes": [
                    100000.0
                ],
                "type": "uniform feed",
                "container": "glass vial",
                "name": ""
            },
            "plate1:B3": {
                "composition": {
                    "solvent": 0.9900990099009901,
                    "mixture2": 0.00990099009900991
                },
                "constitution": {
                    "K": 0.1980198019801982,
                    "Y": 0.04950495049504955
                },
                "volume": 101000.0,
                "timestamp": "20250308_190936",
                "parents": [
                    "solvent",
                    "source1:A2"
                ],
                "parent_volumes": [
                    100000.0,
                    1000
                ],
                "type": "uniform feed",
                "container": "glass vial",
                "name": ""
            },
            "plate1:B4": {
                "composition": {
                    "solvent": 1.0
                },
                "constitution": {},
                "volume": 100000.0,
                "timestamp": "20250308_190936",
                "parents": [
                    "solvent"
                ],
                "parent_volumes": [
                    100000.0
                ],
                "type": "uniform feed",
                "container": "glass vial",
                "name": ""
            },
            "plate1:C1": {
                "composition": {
                    "solvent": 1.0
                },
                "constitution": {},
                "volume": 100000.0,
                "timestamp": "20250308_190936",
                "parents": [
                    "solvent"
                ],
                "parent_volumes": [
                    100000.0
                ],
                "type": "uniform feed",
                "container": "glass vial",
                "name": ""
            },
            "plate1:C2": {
                "composition": {
                    "solvent": 1.0
                },
                "constitution": {},
                "volume": 100000.0,
                "timestamp": "20250308_190936",
                "parents": [
                    "solvent"
                ],
                "parent_volumes": [
                    100000.0
                ],
                "type": "uniform feed",
                "container": "glass vial",
                "name": ""
            },
            "plate1:C3": {
                "composition": {
                    "solvent": 1.0
                },
                "constitution": {},
                "volume": 100000.0,
                "timestamp": "20250308_190936",
                "parents": [
                    "solvent"
                ],
                "parent_volumes": [
                    100000.0
                ],
                "type": "uniform feed",
                "container": "glass vial",
                "name": ""
            },
            "plate1:C4": {
                "composition": {
                    "solvent": 1.0
                },
                "constitution": {},
                "volume": 100000.0,
                "timestamp": "20250308_190936",
                "parents": [
                    "solvent"
                ],
                "parent_volumes": [
                    100000.0
                ],
                "type": "uniform feed",
                "container": "glass vial",
                "name": ""
            }
        }
    }
}