<Symyx.AutomationStudio.Core.ChemicalManager>
	<Symyx.AutomationStudio.Core.ChemicalManager.Chemicals>
<!-- Chemicals Part -->	</Symyx.AutomationStudio.Core.ChemicalManager.Chemicals>
	<Symyx.AutomationStudio.Core.ChemicalManager.Libraries>
<!-- Libraries Part -->	</Symyx.AutomationStudio.Core.ChemicalManager.Libraries>
</Symyx.AutomationStudio.Core.ChemicalManager>
<ChemicalsAndAssociatedDispenseModes>
<ChemicalManager>
<!-- Dispense modes part --></ChemicalManager>
</ChemicalsAndAssociatedDispenseModes>