index,timestamp,well,name,value
4295,03/07/2025 15:39:59,1,Input : Substrate,"Rack 3x4 six Kaufmann H-cells, Deck 12-13 Heat-Cool-Stir 1, 1, 1"
4309,03/07/2025 15:39:59,1,Input : Substrate,"Rack 3x4 six Kaufmann H-cells, Deck 12-13 Heat-Cool-Stir 1, 1, 1"
4394,03/07/2025 15:39:59,1,Input : Substrate,"Rack 3x4 six Kaufmann H-cells, Deck 12-13 Heat-Cool-Stir 1, 1, 1"
4441,03/07/2025 15:39:59,1,Input : Substrate,"Rack 3x4 six Kaufmann H-cells, Deck 12-13 Heat-Cool-Stir 1, 1, 1"
4589,03/07/2025 15:40:13,1,Input : Substrate,"Rack 3x4 six Kaufmann H-cells, Deck 12-13 Heat-Cool-Stir 1, 1, 1"
4636,03/07/2025 15:40:13,1,Input : Substrate,"Rack 3x4 six Kaufmann H-cells, Deck 12-13 Heat-Cool-Stir 1, 1, 1"
4666,03/07/2025 15:40:15,1,Input : Substrate,"Rack 3x4 six Kaufmann H-cells, Deck 12-13 Heat-Cool-Stir 1, 1, 1"
4713,03/07/2025 15:40:15,1,Input : Substrate,"Rack 3x4 six Kaufmann H-cells, Deck 12-13 Heat-Cool-Stir 1, 1, 1"
4817,03/07/2025 15:40:27,1,Input : Substrate,"Rack 3x4 six Kaufmann H-cells, Deck 12-13 Heat-Cool-Stir 1, 1, 1"
4864,03/07/2025 15:40:27,1,Input : Substrate,"Rack 3x4 six Kaufmann H-cells, Deck 12-13 Heat-Cool-Stir 1, 1, 1"
4898,03/07/2025 15:40:32,1,Input : Substrate,"Rack 3x4 six Kaufmann H-cells, Deck 12-13 Heat-Cool-Stir 1, 1, 1"
4945,03/07/2025 15:40:32,1,Input : Substrate,"Rack 3x4 six Kaufmann H-cells, Deck 12-13 Heat-Cool-Stir 1, 1, 1"
5206,03/07/2025 15:40:36,1,Input : Substrate,"Rack 6x15 ICP robotic, Deck 16-17 Waste 1, 1, 1"
5229,03/07/2025 15:40:36,1,Input : Substrate,"Rack 6x15 ICP robotic, Deck 16-17 Waste 1, 1, 1"
5252,03/07/2025 15:40:36,1,Input : Substrate,"Rack 6x15 ICP robotic, Deck 16-17 Waste 1, 1, 1"
5299,03/07/2025 15:40:36,1,Input : Substrate,"Rack 6x15 ICP robotic, Deck 16-17 Waste 1, 1, 1"
5350,03/07/2025 15:40:41,1,Input : Substrate,"Rack 6x15 ICP robotic, Deck 16-17 Waste 1, 1, 1"
5397,03/07/2025 15:40:41,1,Input : Substrate,"Rack 6x15 ICP robotic, Deck 16-17 Waste 1, 1, 1"
5431,03/07/2025 15:40:45,1,Output : Volume Dispensed,250
5469,03/07/2025 15:40:48,1,Output : Volume Dispensed,1000
5514,03/07/2025 15:40:52,1,Input : Substrate,"Rack 6x15 ICP robotic, Deck 16-17 Waste 1, 1, 1"
5561,03/07/2025 15:40:52,1,Input : Substrate,"Rack 6x15 ICP robotic, Deck 16-17 Waste 1, 1, 1"
6897,03/07/2025 15:41:39,1,Input : Substrate,"Rack 3x4 six Kaufmann H-cells, Deck 12-13 Heat-Cool-Stir 1, 1, 1"
6920,03/07/2025 15:41:39,1,Input : Substrate,"Rack 3x4 six Kaufmann H-cells, Deck 12-13 Heat-Cool-Stir 1, 1, 1"
6960,03/07/2025 15:41:39,1,Input : Substrate,"Rack 3x4 six Kaufmann H-cells, Deck 12-13 Heat-Cool-Stir 1, 1, 1"
7007,03/07/2025 15:41:39,1,Input : Substrate,"Rack 3x4 six Kaufmann H-cells, Deck 12-13 Heat-Cool-Stir 1, 1, 1"
7078,03/07/2025 15:41:50,1,Input : Substrate,"Rack 3x4 six Kaufmann H-cells, Deck 12-13 Heat-Cool-Stir 1, 1, 1"
7125,03/07/2025 15:41:51,1,Input : Substrate,"Rack 3x4 six Kaufmann H-cells, Deck 12-13 Heat-Cool-Stir 1, 1, 1"
7166,03/07/2025 15:41:54,1,Output : Volume Dispensed,250
7186,03/07/2025 15:41:58,1,Input : Substrate,"Rack 3x4 six Kaufmann H-cells, Deck 12-13 Heat-Cool-Stir 1, 1, 1"
7233,03/07/2025 15:41:58,1,Input : Substrate,"Rack 3x4 six Kaufmann H-cells, Deck 12-13 Heat-Cool-Stir 1, 1, 1"
8916,03/07/2025 15:42:50,2,Input : Substrate,"Rack 3x4 six Kaufmann H-cells, Deck 12-13 Heat-Cool-Stir 1, 2, 1"
8930,03/07/2025 15:42:50,2,Input : Substrate,"Rack 3x4 six Kaufmann H-cells, Deck 12-13 Heat-Cool-Stir 1, 2, 1"
9015,03/07/2025 15:42:50,2,Input : Substrate,"Rack 3x4 six Kaufmann H-cells, Deck 12-13 Heat-Cool-Stir 1, 2, 1"
9062,03/07/2025 15:42:50,2,Input : Substrate,"Rack 3x4 six Kaufmann H-cells, Deck 12-13 Heat-Cool-Stir 1, 2, 1"
9210,03/07/2025 15:43:04,2,Input : Substrate,"Rack 3x4 six Kaufmann H-cells, Deck 12-13 Heat-Cool-Stir 1, 2, 1"
9257,03/07/2025 15:43:04,2,Input : Substrate,"Rack 3x4 six Kaufmann H-cells, Deck 12-13 Heat-Cool-Stir 1, 2, 1"
9287,03/07/2025 15:43:06,2,Input : Substrate,"Rack 3x4 six Kaufmann H-cells, Deck 12-13 Heat-Cool-Stir 1, 2, 1"
9334,03/07/2025 15:43:06,2,Input : Substrate,"Rack 3x4 six Kaufmann H-cells, Deck 12-13 Heat-Cool-Stir 1, 2, 1"
9438,03/07/2025 15:43:18,2,Input : Substrate,"Rack 3x4 six Kaufmann H-cells, Deck 12-13 Heat-Cool-Stir 1, 2, 1"
9485,03/07/2025 15:43:18,2,Input : Substrate,"Rack 3x4 six Kaufmann H-cells, Deck 12-13 Heat-Cool-Stir 1, 2, 1"
9519,03/07/2025 15:43:23,2,Input : Substrate,"Rack 3x4 six Kaufmann H-cells, Deck 12-13 Heat-Cool-Stir 1, 2, 1"
9566,03/07/2025 15:43:23,2,Input : Substrate,"Rack 3x4 six Kaufmann H-cells, Deck 12-13 Heat-Cool-Stir 1, 2, 1"
9811,03/07/2025 15:43:27,2,Input : Substrate,"Rack 6x15 ICP robotic, Deck 16-17 Waste 1, 1, 2"
9834,03/07/2025 15:43:27,2,Input : Substrate,"Rack 6x15 ICP robotic, Deck 16-17 Waste 1, 1, 2"
9857,03/07/2025 15:43:27,2,Input : Substrate,"Rack 6x15 ICP robotic, Deck 16-17 Waste 1, 1, 2"
9904,03/07/2025 15:43:27,2,Input : Substrate,"Rack 6x15 ICP robotic, Deck 16-17 Waste 1, 1, 2"
9955,03/07/2025 15:43:32,2,Input : Substrate,"Rack 6x15 ICP robotic, Deck 16-17 Waste 1, 1, 2"
10002,03/07/2025 15:43:33,2,Input : Substrate,"Rack 6x15 ICP robotic, Deck 16-17 Waste 1, 1, 2"
10036,03/07/2025 15:43:36,2,Output : Volume Dispensed,250
10074,03/07/2025 15:43:39,2,Output : Volume Dispensed,1000
10119,03/07/2025 15:43:43,2,Input : Substrate,"Rack 6x15 ICP robotic, Deck 16-17 Waste 1, 1, 2"
10166,03/07/2025 15:43:43,2,Input : Substrate,"Rack 6x15 ICP robotic, Deck 16-17 Waste 1, 1, 2"
11502,03/07/2025 15:44:29,5,Input : Substrate,"Rack 3x4 six Kaufmann H-cells, Deck 12-13 Heat-Cool-Stir 1, 2, 1"
11525,03/07/2025 15:44:29,5,Input : Substrate,"Rack 3x4 six Kaufmann H-cells, Deck 12-13 Heat-Cool-Stir 1, 2, 1"
11565,03/07/2025 15:44:30,5,Input : Substrate,"Rack 3x4 six Kaufmann H-cells, Deck 12-13 Heat-Cool-Stir 1, 2, 1"
11612,03/07/2025 15:44:30,5,Input : Substrate,"Rack 3x4 six Kaufmann H-cells, Deck 12-13 Heat-Cool-Stir 1, 2, 1"
11683,03/07/2025 15:44:41,5,Input : Substrate,"Rack 3x4 six Kaufmann H-cells, Deck 12-13 Heat-Cool-Stir 1, 2, 1"
11730,03/07/2025 15:44:41,5,Input : Substrate,"Rack 3x4 six Kaufmann H-cells, Deck 12-13 Heat-Cool-Stir 1, 2, 1"
11771,03/07/2025 15:44:45,5,Output : Volume Dispensed,250
11791,03/07/2025 15:44:48,5,Input : Substrate,"Rack 3x4 six Kaufmann H-cells, Deck 12-13 Heat-Cool-Stir 1, 2, 1"
11838,03/07/2025 15:44:49,5,Input : Substrate,"Rack 3x4 six Kaufmann H-cells, Deck 12-13 Heat-Cool-Stir 1, 2, 1"
13549,03/07/2025 15:45:41,3,Input : Substrate,"Rack 3x4 six Kaufmann H-cells, Deck 12-13 Heat-Cool-Stir 1, 1, 1"
13563,03/07/2025 15:45:41,3,Input : Substrate,"Rack 3x4 six Kaufmann H-cells, Deck 12-13 Heat-Cool-Stir 1, 1, 1"
13648,03/07/2025 15:45:42,3,Input : Substrate,"Rack 3x4 six Kaufmann H-cells, Deck 12-13 Heat-Cool-Stir 1, 1, 1"
13695,03/07/2025 15:45:42,3,Input : Substrate,"Rack 3x4 six Kaufmann H-cells, Deck 12-13 Heat-Cool-Stir 1, 1, 1"
13843,03/07/2025 15:45:56,3,Input : Substrate,"Rack 3x4 six Kaufmann H-cells, Deck 12-13 Heat-Cool-Stir 1, 1, 1"
13890,03/07/2025 15:45:56,3,Input : Substrate,"Rack 3x4 six Kaufmann H-cells, Deck 12-13 Heat-Cool-Stir 1, 1, 1"
13920,03/07/2025 15:45:58,3,Input : Substrate,"Rack 3x4 six Kaufmann H-cells, Deck 12-13 Heat-Cool-Stir 1, 1, 1"
13967,03/07/2025 15:45:58,3,Input : Substrate,"Rack 3x4 six Kaufmann H-cells, Deck 12-13 Heat-Cool-Stir 1, 1, 1"
14071,03/07/2025 15:46:10,3,Input : Substrate,"Rack 3x4 six Kaufmann H-cells, Deck 12-13 Heat-Cool-Stir 1, 1, 1"
14118,03/07/2025 15:46:10,3,Input : Substrate,"Rack 3x4 six Kaufmann H-cells, Deck 12-13 Heat-Cool-Stir 1, 1, 1"
14152,03/07/2025 15:46:15,3,Input : Substrate,"Rack 3x4 six Kaufmann H-cells, Deck 12-13 Heat-Cool-Stir 1, 1, 1"
14199,03/07/2025 15:46:15,3,Input : Substrate,"Rack 3x4 six Kaufmann H-cells, Deck 12-13 Heat-Cool-Stir 1, 1, 1"
14460,03/07/2025 15:46:19,3,Input : Substrate,"Rack 6x15 ICP robotic, Deck 16-17 Waste 1, 1, 3"
14483,03/07/2025 15:46:19,3,Input : Substrate,"Rack 6x15 ICP robotic, Deck 16-17 Waste 1, 1, 3"
14506,03/07/2025 15:46:19,3,Input : Substrate,"Rack 6x15 ICP robotic, Deck 16-17 Waste 1, 1, 3"
14553,03/07/2025 15:46:19,3,Input : Substrate,"Rack 6x15 ICP robotic, Deck 16-17 Waste 1, 1, 3"
14604,03/07/2025 15:46:24,3,Input : Substrate,"Rack 6x15 ICP robotic, Deck 16-17 Waste 1, 1, 3"
14651,03/07/2025 15:46:24,3,Input : Substrate,"Rack 6x15 ICP robotic, Deck 16-17 Waste 1, 1, 3"
14685,03/07/2025 15:46:28,3,Output : Volume Dispensed,250
14723,03/07/2025 15:46:30,3,Output : Volume Dispensed,1000
14768,03/07/2025 15:46:34,3,Input : Substrate,"Rack 6x15 ICP robotic, Deck 16-17 Waste 1, 1, 3"
14815,03/07/2025 15:46:35,3,Input : Substrate,"Rack 6x15 ICP robotic, Deck 16-17 Waste 1, 1, 3"
16151,03/07/2025 15:47:21,1,Input : Substrate,"Rack 3x4 six Kaufmann H-cells, Deck 12-13 Heat-Cool-Stir 1, 1, 1"
16174,03/07/2025 15:47:21,1,Input : Substrate,"Rack 3x4 six Kaufmann H-cells, Deck 12-13 Heat-Cool-Stir 1, 1, 1"
16214,03/07/2025 15:47:22,1,Input : Substrate,"Rack 3x4 six Kaufmann H-cells, Deck 12-13 Heat-Cool-Stir 1, 1, 1"
16261,03/07/2025 15:47:22,1,Input : Substrate,"Rack 3x4 six Kaufmann H-cells, Deck 12-13 Heat-Cool-Stir 1, 1, 1"
16332,03/07/2025 15:47:33,1,Input : Substrate,"Rack 3x4 six Kaufmann H-cells, Deck 12-13 Heat-Cool-Stir 1, 1, 1"
16379,03/07/2025 15:47:33,1,Input : Substrate,"Rack 3x4 six Kaufmann H-cells, Deck 12-13 Heat-Cool-Stir 1, 1, 1"
16420,03/07/2025 15:47:37,1,Output : Volume Dispensed,250
16440,03/07/2025 15:47:40,1,Input : Substrate,"Rack 3x4 six Kaufmann H-cells, Deck 12-13 Heat-Cool-Stir 1, 1, 1"
16487,03/07/2025 15:47:41,1,Input : Substrate,"Rack 3x4 six Kaufmann H-cells, Deck 12-13 Heat-Cool-Stir 1, 1, 1"
18198,03/07/2025 15:48:33,4,Input : Substrate,"Rack 3x4 six Kaufmann H-cells, Deck 12-13 Heat-Cool-Stir 1, 2, 1"
18212,03/07/2025 15:48:33,4,Input : Substrate,"Rack 3x4 six Kaufmann H-cells, Deck 12-13 Heat-Cool-Stir 1, 2, 1"
18297,03/07/2025 15:48:34,4,Input : Substrate,"Rack 3x4 six Kaufmann H-cells, Deck 12-13 Heat-Cool-Stir 1, 2, 1"
18344,03/07/2025 15:48:34,4,Input : Substrate,"Rack 3x4 six Kaufmann H-cells, Deck 12-13 Heat-Cool-Stir 1, 2, 1"
18492,03/07/2025 15:48:48,4,Input : Substrate,"Rack 3x4 six Kaufmann H-cells, Deck 12-13 Heat-Cool-Stir 1, 2, 1"
18539,03/07/2025 15:48:48,4,Input : Substrate,"Rack 3x4 six Kaufmann H-cells, Deck 12-13 Heat-Cool-Stir 1, 2, 1"
18569,03/07/2025 15:48:50,4,Input : Substrate,"Rack 3x4 six Kaufmann H-cells, Deck 12-13 Heat-Cool-Stir 1, 2, 1"
18616,03/07/2025 15:48:50,4,Input : Substrate,"Rack 3x4 six Kaufmann H-cells, Deck 12-13 Heat-Cool-Stir 1, 2, 1"
18720,03/07/2025 15:49:02,4,Input : Substrate,"Rack 3x4 six Kaufmann H-cells, Deck 12-13 Heat-Cool-Stir 1, 2, 1"
18767,03/07/2025 15:49:02,4,Input : Substrate,"Rack 3x4 six Kaufmann H-cells, Deck 12-13 Heat-Cool-Stir 1, 2, 1"
18801,03/07/2025 15:49:07,4,Input : Substrate,"Rack 3x4 six Kaufmann H-cells, Deck 12-13 Heat-Cool-Stir 1, 2, 1"
18848,03/07/2025 15:49:07,4,Input : Substrate,"Rack 3x4 six Kaufmann H-cells, Deck 12-13 Heat-Cool-Stir 1, 2, 1"
19109,03/07/2025 15:49:11,4,Input : Substrate,"Rack 6x15 ICP robotic, Deck 16-17 Waste 1, 1, 4"
19132,03/07/2025 15:49:11,4,Input : Substrate,"Rack 6x15 ICP robotic, Deck 16-17 Waste 1, 1, 4"
19155,03/07/2025 15:49:11,4,Input : Substrate,"Rack 6x15 ICP robotic, Deck 16-17 Waste 1, 1, 4"
19202,03/07/2025 15:49:11,4,Input : Substrate,"Rack 6x15 ICP robotic, Deck 16-17 Waste 1, 1, 4"
19253,03/07/2025 15:49:16,4,Input : Substrate,"Rack 6x15 ICP robotic, Deck 16-17 Waste 1, 1, 4"
19300,03/07/2025 15:49:16,4,Input : Substrate,"Rack 6x15 ICP robotic, Deck 16-17 Waste 1, 1, 4"
19334,03/07/2025 15:49:20,4,Output : Volume Dispensed,250
19372,03/07/2025 15:49:22,4,Output : Volume Dispensed,1000
19417,03/07/2025 15:49:26,4,Input : Substrate,"Rack 6x15 ICP robotic, Deck 16-17 Waste 1, 1, 4"
19464,03/07/2025 15:49:27,4,Input : Substrate,"Rack 6x15 ICP robotic, Deck 16-17 Waste 1, 1, 4"
20756,03/07/2025 15:50:12,5,Input : Substrate,"Rack 3x4 six Kaufmann H-cells, Deck 12-13 Heat-Cool-Stir 1, 2, 1"
20779,03/07/2025 15:50:12,5,Input : Substrate,"Rack 3x4 six Kaufmann H-cells, Deck 12-13 Heat-Cool-Stir 1, 2, 1"
20819,03/07/2025 15:50:12,5,Input : Substrate,"Rack 3x4 six Kaufmann H-cells, Deck 12-13 Heat-Cool-Stir 1, 2, 1"
20866,03/07/2025 15:50:12,5,Input : Substrate,"Rack 3x4 six Kaufmann H-cells, Deck 12-13 Heat-Cool-Stir 1, 2, 1"
20937,03/07/2025 15:50:24,5,Input : Substrate,"Rack 3x4 six Kaufmann H-cells, Deck 12-13 Heat-Cool-Stir 1, 2, 1"
20984,03/07/2025 15:50:24,5,Input : Substrate,"Rack 3x4 six Kaufmann H-cells, Deck 12-13 Heat-Cool-Stir 1, 2, 1"
21025,03/07/2025 15:50:27,5,Output : Volume Dispensed,250
21045,03/07/2025 15:50:31,5,Input : Substrate,"Rack 3x4 six Kaufmann H-cells, Deck 12-13 Heat-Cool-Stir 1, 2, 1"
21092,03/07/2025 15:50:31,5,Input : Substrate,"Rack 3x4 six Kaufmann H-cells, Deck 12-13 Heat-Cool-Stir 1, 2, 1"
22819,03/07/2025 15:51:24,5,Input : Substrate,"Rack 3x4 six Kaufmann H-cells, Deck 12-13 Heat-Cool-Stir 1, 1, 1"
22833,03/07/2025 15:51:24,5,Input : Substrate,"Rack 3x4 six Kaufmann H-cells, Deck 12-13 Heat-Cool-Stir 1, 1, 1"
22918,03/07/2025 15:51:24,5,Input : Substrate,"Rack 3x4 six Kaufmann H-cells, Deck 12-13 Heat-Cool-Stir 1, 1, 1"
22965,03/07/2025 15:51:25,5,Input : Substrate,"Rack 3x4 six Kaufmann H-cells, Deck 12-13 Heat-Cool-Stir 1, 1, 1"
23113,03/07/2025 15:51:38,5,Input : Substrate,"Rack 3x4 six Kaufmann H-cells, Deck 12-13 Heat-Cool-Stir 1, 1, 1"
23160,03/07/2025 15:51:39,5,Input : Substrate,"Rack 3x4 six Kaufmann H-cells, Deck 12-13 Heat-Cool-Stir 1, 1, 1"
23190,03/07/2025 15:51:40,5,Input : Substrate,"Rack 3x4 six Kaufmann H-cells, Deck 12-13 Heat-Cool-Stir 1, 1, 1"
23237,03/07/2025 15:51:40,5,Input : Substrate,"Rack 3x4 six Kaufmann H-cells, Deck 12-13 Heat-Cool-Stir 1, 1, 1"
23341,03/07/2025 15:51:52,5,Input : Substrate,"Rack 3x4 six Kaufmann H-cells, Deck 12-13 Heat-Cool-Stir 1, 1, 1"
23388,03/07/2025 15:51:53,5,Input : Substrate,"Rack 3x4 six Kaufmann H-cells, Deck 12-13 Heat-Cool-Stir 1, 1, 1"
23422,03/07/2025 15:51:57,5,Input : Substrate,"Rack 3x4 six Kaufmann H-cells, Deck 12-13 Heat-Cool-Stir 1, 1, 1"
23469,03/07/2025 15:51:58,5,Input : Substrate,"Rack 3x4 six Kaufmann H-cells, Deck 12-13 Heat-Cool-Stir 1, 1, 1"
23686,03/07/2025 15:52:00,5,Input : Substrate,"Rack 6x15 ICP robotic, Deck 16-17 Waste 1, 1, 5"
23709,03/07/2025 15:52:00,5,Input : Substrate,"Rack 6x15 ICP robotic, Deck 16-17 Waste 1, 1, 5"
23732,03/07/2025 15:52:00,5,Input : Substrate,"Rack 6x15 ICP robotic, Deck 16-17 Waste 1, 1, 5"
23779,03/07/2025 15:52:00,5,Input : Substrate,"Rack 6x15 ICP robotic, Deck 16-17 Waste 1, 1, 5"
23830,03/07/2025 15:52:05,5,Input : Substrate,"Rack 6x15 ICP robotic, Deck 16-17 Waste 1, 1, 5"
23877,03/07/2025 15:52:06,5,Input : Substrate,"Rack 6x15 ICP robotic, Deck 16-17 Waste 1, 1, 5"
23911,03/07/2025 15:52:09,5,Output : Volume Dispensed,250
23949,03/07/2025 15:52:12,5,Output : Volume Dispensed,1000
23994,03/07/2025 15:52:16,5,Input : Substrate,"Rack 6x15 ICP robotic, Deck 16-17 Waste 1, 1, 5"
24041,03/07/2025 15:52:16,5,Input : Substrate,"Rack 6x15 ICP robotic, Deck 16-17 Waste 1, 1, 5"
25377,03/07/2025 15:53:02,1,Input : Substrate,"Rack 3x4 six Kaufmann H-cells, Deck 12-13 Heat-Cool-Stir 1, 1, 1"
25400,03/07/2025 15:53:03,1,Input : Substrate,"Rack 3x4 six Kaufmann H-cells, Deck 12-13 Heat-Cool-Stir 1, 1, 1"
25440,03/07/2025 15:53:03,1,Input : Substrate,"Rack 3x4 six Kaufmann H-cells, Deck 12-13 Heat-Cool-Stir 1, 1, 1"
25487,03/07/2025 15:53:03,1,Input : Substrate,"Rack 3x4 six Kaufmann H-cells, Deck 12-13 Heat-Cool-Stir 1, 1, 1"
25558,03/07/2025 15:53:14,1,Input : Substrate,"Rack 3x4 six Kaufmann H-cells, Deck 12-13 Heat-Cool-Stir 1, 1, 1"
25605,03/07/2025 15:53:15,1,Input : Substrate,"Rack 3x4 six Kaufmann H-cells, Deck 12-13 Heat-Cool-Stir 1, 1, 1"
25646,03/07/2025 15:53:18,1,Output : Volume Dispensed,250
25666,03/07/2025 15:53:22,1,Input : Substrate,"Rack 3x4 six Kaufmann H-cells, Deck 12-13 Heat-Cool-Stir 1, 1, 1"
25713,03/07/2025 15:53:22,1,Input : Substrate,"Rack 3x4 six Kaufmann H-cells, Deck 12-13 Heat-Cool-Stir 1, 1, 1"
27396,03/07/2025 15:54:13,6,Input : Substrate,"Rack 3x4 six Kaufmann H-cells, Deck 12-13 Heat-Cool-Stir 1, 2, 1"
27410,03/07/2025 15:54:13,6,Input : Substrate,"Rack 3x4 six Kaufmann H-cells, Deck 12-13 Heat-Cool-Stir 1, 2, 1"
27495,03/07/2025 15:54:14,6,Input : Substrate,"Rack 3x4 six Kaufmann H-cells, Deck 12-13 Heat-Cool-Stir 1, 2, 1"
27542,03/07/2025 15:54:14,6,Input : Substrate,"Rack 3x4 six Kaufmann H-cells, Deck 12-13 Heat-Cool-Stir 1, 2, 1"
27690,03/07/2025 15:54:28,6,Input : Substrate,"Rack 3x4 six Kaufmann H-cells, Deck 12-13 Heat-Cool-Stir 1, 2, 1"
27737,03/07/2025 15:54:28,6,Input : Substrate,"Rack 3x4 six Kaufmann H-cells, Deck 12-13 Heat-Cool-Stir 1, 2, 1"
27767,03/07/2025 15:54:30,6,Input : Substrate,"Rack 3x4 six Kaufmann H-cells, Deck 12-13 Heat-Cool-Stir 1, 2, 1"
27814,03/07/2025 15:54:30,6,Input : Substrate,"Rack 3x4 six Kaufmann H-cells, Deck 12-13 Heat-Cool-Stir 1, 2, 1"
27918,03/07/2025 15:54:42,6,Input : Substrate,"Rack 3x4 six Kaufmann H-cells, Deck 12-13 Heat-Cool-Stir 1, 2, 1"
27965,03/07/2025 15:54:42,6,Input : Substrate,"Rack 3x4 six Kaufmann H-cells, Deck 12-13 Heat-Cool-Stir 1, 2, 1"
27999,03/07/2025 15:54:47,6,Input : Substrate,"Rack 3x4 six Kaufmann H-cells, Deck 12-13 Heat-Cool-Stir 1, 2, 1"
28046,03/07/2025 15:54:47,6,Input : Substrate,"Rack 3x4 six Kaufmann H-cells, Deck 12-13 Heat-Cool-Stir 1, 2, 1"
28307,03/07/2025 15:54:51,6,Input : Substrate,"Rack 6x15 ICP robotic, Deck 16-17 Waste 1, 1, 6"
28330,03/07/2025 15:54:51,6,Input : Substrate,"Rack 6x15 ICP robotic, Deck 16-17 Waste 1, 1, 6"
28353,03/07/2025 15:54:51,6,Input : Substrate,"Rack 6x15 ICP robotic, Deck 16-17 Waste 1, 1, 6"
28400,03/07/2025 15:54:51,6,Input : Substrate,"Rack 6x15 ICP robotic, Deck 16-17 Waste 1, 1, 6"
28451,03/07/2025 15:54:56,6,Input : Substrate,"Rack 6x15 ICP robotic, Deck 16-17 Waste 1, 1, 6"
28498,03/07/2025 15:54:56,6,Input : Substrate,"Rack 6x15 ICP robotic, Deck 16-17 Waste 1, 1, 6"
28532,03/07/2025 15:55:00,6,Output : Volume Dispensed,250
28570,03/07/2025 15:55:02,6,Output : Volume Dispensed,1000
28615,03/07/2025 15:55:06,6,Input : Substrate,"Rack 6x15 ICP robotic, Deck 16-17 Waste 1, 1, 6"
28662,03/07/2025 15:55:06,6,Input : Substrate,"Rack 6x15 ICP robotic, Deck 16-17 Waste 1, 1, 6"
29998,03/07/2025 15:55:53,5,Input : Substrate,"Rack 3x4 six Kaufmann H-cells, Deck 12-13 Heat-Cool-Stir 1, 2, 1"
30021,03/07/2025 15:55:53,5,Input : Substrate,"Rack 3x4 six Kaufmann H-cells, Deck 12-13 Heat-Cool-Stir 1, 2, 1"
30061,03/07/2025 15:55:53,5,Input : Substrate,"Rack 3x4 six Kaufmann H-cells, Deck 12-13 Heat-Cool-Stir 1, 2, 1"
30108,03/07/2025 15:55:53,5,Input : Substrate,"Rack 3x4 six Kaufmann H-cells, Deck 12-13 Heat-Cool-Stir 1, 2, 1"
30179,03/07/2025 15:56:05,5,Input : Substrate,"Rack 3x4 six Kaufmann H-cells, Deck 12-13 Heat-Cool-Stir 1, 2, 1"
30226,03/07/2025 15:56:05,5,Input : Substrate,"Rack 3x4 six Kaufmann H-cells, Deck 12-13 Heat-Cool-Stir 1, 2, 1"
30267,03/07/2025 15:56:09,5,Output : Volume Dispensed,250
30287,03/07/2025 15:56:12,5,Input : Substrate,"Rack 3x4 six Kaufmann H-cells, Deck 12-13 Heat-Cool-Stir 1, 2, 1"
30334,03/07/2025 15:56:12,5,Input : Substrate,"Rack 3x4 six Kaufmann H-cells, Deck 12-13 Heat-Cool-Stir 1, 2, 1"
