{
    "solvent": {
        "composition": {
            "solvent": 1.0
        },
        "constitution": {},
        "volume": 0,
        "timestamp": "",
        "parents": [],
        "parent_volumes": [],
        "type": "solvent",
        "container": "",
        "name": "solvent"
    },
    "source1:A1": {
        "composition": {
            "mixture1": 1.0
        },
        "constitution": {
            "Na": 20.0,
            "Y": 5
        },
        "volume": 0,
        "timestamp": "",
        "parents": [],
        "parent_volumes": [],
        "type": "source",
        "container": "",
        "name": "mixture1"
    },
    "source1:A2": {
        "composition": {
            "mixture2": 1.0
        },
        "constitution": {
            "K": 20.0,
            "Y": 5
        },
        "volume": 0,
        "timestamp": "",
        "parents": [],
        "parent_volumes": [],
        "type": "source",
        "container": "",
        "name": "mixture2"
    },
    "source1:A3": {
        "composition": {
            "mixture3": 1.0
        },
        "constitution": {
            "Mg": 20.0,
            "Y": 5
        },
        "volume": 0,
        "timestamp": "",
        "parents": [],
        "parent_volumes": [],
        "type": "source",
        "container": "",
        "name": "mixture3"
    },
    "source1:A4": {
        "composition": {
            "mixture4": 1.0
        },
        "constitution": {
            "Ca": 20.0,
            "Y": 5
        },
        "volume": 0,
        "timestamp": "",
        "parents": [],
        "parent_volumes": [],
        "type": "source",
        "container": "",
        "name": "mixture4"
    },
    "source1:B1": {
        "composition": {
            "mixture5": 1.0
        },
        "constitution": {
            "Mn": 20.0,
            "Y": 5
        },
        "volume": 0,
        "timestamp": "",
        "parents": [],
        "parent_volumes": [],
        "type": "source",
        "container": "",
        "name": "mixture5"
    },
    "source1:B2": {
        "composition": {
            "mixture6": 1.0
        },
        "constitution": {
            "Y": 20
        },
        "volume": 0,
        "timestamp": "",
        "parents": [],
        "parent_volumes": [],
        "type": "source",
        "container": "",
        "name": "mixture6"
    },
    "plate1:A1": {
        "composition": {
            "solvent": 0.9999990074822506,
            "mixture1": 9.925177493692942e-07
        },
        "constitution": {
            "Na": 1.9850354987385883e-05,
            "Y": 4.962588746846471e-06
        },
        "volume": 100000.1,
        "timestamp": "20250307_151506",
        "parents": [
            "solvent",
            "source1:A1",
            "solvent",
            "solvent",
            "solvent"
        ],
        "parent_volumes": [
            99251.87418375394,
            0.09925187418375393,
            248.75156374687373,
            249.37500062499936,
            250
        ],
        "type": "sample",
        "container": "glass vial",
        "name": ""
    },
    "plate1:A2": {
        "composition": {
            "solvent": 1.0
        },
        "constitution": {},
        "volume": 100000.0,
        "timestamp": "20250307_151506",
        "parents": [
            "solvent"
        ],
        "parent_volumes": [
            100000.0
        ],
        "type": "sample",
        "container": "glass vial",
        "name": ""
    },
    "plate1:A3": {
        "composition": {
            "solvent": 1.0
        },
        "constitution": {},
        "volume": 100000.0,
        "timestamp": "20250307_151506",
        "parents": [
            "solvent"
        ],
        "parent_volumes": [
            100000.0
        ],
        "type": "sample",
        "container": "glass vial",
        "name": ""
    },
    "plate1:A4": {
        "composition": {
            "solvent": 1.0
        },
        "constitution": {},
        "volume": 100000.0,
        "timestamp": "20250307_151506",
        "parents": [
            "solvent"
        ],
        "parent_volumes": [
            100000.0
        ],
        "type": "sample",
        "container": "glass vial",
        "name": ""
    },
    "plate1:B1": {
        "composition": {
            "solvent": 0.9999990074822506,
            "mixture2": 9.925177493692942e-07
        },
        "constitution": {
            "K": 1.9850354987385883e-05,
            "Y": 4.962588746846471e-06
        },
        "volume": 100000.1,
        "timestamp": "20250307_151506",
        "parents": [
            "solvent",
            "source1:A2",
            "solvent",
            "solvent",
            "solvent"
        ],
        "parent_volumes": [
            99251.87418375394,
            0.09925187418375393,
            248.75156374687373,
            249.37500062499936,
            250
        ],
        "type": "sample",
        "container": "glass vial",
        "name": ""
    },
    "plate1:B2": {
        "composition": {
            "solvent": 1.0
        },
        "constitution": {},
        "volume": 100000.0,
        "timestamp": "20250307_151506",
        "parents": [
            "solvent"
        ],
        "parent_volumes": [
            100000.0
        ],
        "type": "sample",
        "container": "glass vial",
        "name": ""
    },
    "plate1:B3": {
        "composition": {
            "solvent": 1.0
        },
        "constitution": {},
        "volume": 100000.0,
        "timestamp": "20250307_151506",
        "parents": [
            "solvent"
        ],
        "parent_volumes": [
            100000.0
        ],
        "type": "sample",
        "container": "glass vial",
        "name": ""
    },
    "plate1:B4": {
        "composition": {
            "solvent": 1.0
        },
        "constitution": {},
        "volume": 100000.0,
        "timestamp": "20250307_151506",
        "parents": [
            "solvent"
        ],
        "parent_volumes": [
            100000.0
        ],
        "type": "sample",
        "container": "glass vial",
        "name": ""
    },
    "plate1:C1": {
        "composition": {
            "solvent": 1.0
        },
        "constitution": {},
        "volume": 100000.0,
        "timestamp": "20250307_151506",
        "parents": [
            "solvent"
        ],
        "parent_volumes": [
            100000.0
        ],
        "type": "sample",
        "container": "glass vial",
        "name": ""
    },
    "plate1:C2": {
        "composition": {
            "solvent": 1.0
        },
        "constitution": {},
        "volume": 100000.0,
        "timestamp": "20250307_151506",
        "parents": [
            "solvent"
        ],
        "parent_volumes": [
            100000.0
        ],
        "type": "sample",
        "container": "glass vial",
        "name": ""
    },
    "plate1:C3": {
        "composition": {
            "solvent": 1.0
        },
        "constitution": {},
        "volume": 100000.0,
        "timestamp": "20250307_151506",
        "parents": [
            "solvent"
        ],
        "parent_volumes": [
            100000.0
        ],
        "type": "sample",
        "container": "glass vial",
        "name": ""
    },
    "plate1:C4": {
        "composition": {
            "solvent": 1.0
        },
        "constitution": {},
        "volume": 100000.0,
        "timestamp": "20250307_151506",
        "parents": [
            "solvent"
        ],
        "parent_volumes": [
            100000.0
        ],
        "type": "sample",
        "container": "glass vial",
        "name": ""
    },
    "ICP1:A1": {
        "composition": {
            "solvent": 0.9999998000002001,
            "mixture1": 1.999998000101755e-07
        },
        "constitution": {
            "Na": 3.9999960002035095e-06,
            "Y": 9.999990000508774e-07
        },
        "volume": 1250,
        "timestamp": "20250307_151506",
        "parents": [
            "plate1:A1",
            "solvent"
        ],
        "parent_volumes": [
            250,
            1000
        ],
        "type": "sample",
        "container": "ICP tube",
        "name": ""
    },
    "ICP1:A2": {
        "composition": {
            "solvent": 0.9999998000002001,
            "mixture2": 1.999998000101755e-07
        },
        "constitution": {
            "K": 3.9999960002035095e-06,
            "Y": 9.999990000508774e-07
        },
        "volume": 1250,
        "timestamp": "20250307_151506",
        "parents": [
            "plate1:B1",
            "solvent"
        ],
        "parent_volumes": [
            250,
            1000
        ],
        "type": "sample",
        "container": "ICP tube",
        "name": ""
    },
    "ICP1:A3": {
        "composition": {
            "solvent": 0.9999998005001991,
            "mixture1": 1.9949980101014904e-07
        },
        "constitution": {
            "Na": 3.989996020202981e-06,
            "Y": 9.974990050507452e-07
        },
        "volume": 1250,
        "timestamp": "20250307_151506",
        "parents": [
            "plate1:A1",
            "solvent"
        ],
        "parent_volumes": [
            250,
            1000
        ],
        "type": "sample",
        "container": "ICP tube",
        "name": ""
    },
    "ICP1:A4": {
        "composition": {
            "solvent": 0.9999998005001991,
            "mixture2": 1.9949980101014904e-07
        },
        "constitution": {
            "K": 3.989996020202981e-06,
            "Y": 9.974990050507452e-07
        },
        "volume": 1250,
        "timestamp": "20250307_151506",
        "parents": [
            "plate1:B1",
            "solvent"
        ],
        "parent_volumes": [
            250,
            1000
        ],
        "type": "sample",
        "container": "ICP tube",
        "name": ""
    },
    "ICP1:A5": {
        "composition": {
            "solvent": 0.999999800998948,
            "mixture1": 1.9900105200637268e-07
        },
        "constitution": {
            "Na": 3.980021040127453e-06,
            "Y": 9.950052600318633e-07
        },
        "volume": 1250,
        "timestamp": "20250307_151506",
        "parents": [
            "plate1:A1",
            "solvent"
        ],
        "parent_volumes": [
            250,
            1000
        ],
        "type": "sample",
        "container": "ICP tube",
        "name": ""
    },
    "ICP1:A6": {
        "composition": {
            "solvent": 0.999999800998948,
            "mixture2": 1.9900105200637268e-07
        },
        "constitution": {
            "K": 3.980021040127453e-06,
            "Y": 9.950052600318633e-07
        },
        "volume": 1250,
        "timestamp": "20250307_151506",
        "parents": [
            "plate1:B1",
            "solvent"
        ],
        "parent_volumes": [
            250,
            1000
        ],
        "type": "sample",
        "container": "ICP tube",
        "name": ""
    }
}