{
    "code": "20WV2",
    "rack": {
        "name": "Rack 6x15 ICP robotic",
        "type": "ICP90",
        "instrument": "BK",
        "position": "Deck 16-17 Waste 1",
        "label": "",
        "code": null,
        "holder": null,
        "items": 90,
        "layout": "rectangular",
        "rows": 6,
        "columns": 15
    },
    "route": {
        "ready": "no",
        "type": "active",
        "priority": "clear",
        "route": [
            "UR5",
            "Storage",
            "UR5",
            "ICP",
            "UR5",
            "Trash"
        ],
        "step": 0,
        "datetimes": []
    },
    "creator": {
        "location": "BK",
        "position": "Deck 16-17 Waste 1",
        "ID": "ICP1",
        "protocol": 1113,
        "datetime": "2025-03-07 14:55:27.589950",
        "content": {
            "ICP1:A3": {
                "composition": {
                    "solvent": 0.9988998899889988,
                    "mixture1": 0.001100110011001101
                },
                "constitution": {
                    "Na": 0.02200220022002202,
                    "Y": 0.005500550055005505
                },
                "volume": 1125.0,
                "timestamp": "20250307_145525",
                "parents": [
                    "plate1:A3",
                    "solvent"
                ],
                "parent_volumes": [
                    125.0,
                    1000
                ],
                "type": "calibration",
                "container": "ICP tube",
                "name": ""
            },
            "ICP1:A4": {
                "composition": {
                    "solvent": 0.9988998899889988,
                    "mixture1": 0.001100110011001101
                },
                "constitution": {
                    "Na": 0.02200220022002202,
                    "Y": 0.005500550055005505
                },
                "volume": 1125.0,
                "timestamp": "20250307_145525",
                "parents": [
                    "plate1:B3",
                    "solvent"
                ],
                "parent_volumes": [
                    125.0,
                    1000
                ],
                "type": "calibration",
                "container": "ICP tube",
                "name": ""
            },
            "ICP1:A1": {
                "composition": {
                    "mixture1": 1.999998000101755e-07,
                    "solvent": 0.9999998000002001
                },
                "constitution": {
                    "Na": 3.9999960002035095e-06,
                    "Y": 9.999990000508774e-07
                },
                "container": "ICP tube",
                "name": "",
                "parent_volumes": [
                    250,
                    1000
                ],
                "parents": [
                    "plate1:A1",
                    "solvent"
                ],
                "timestamp": "20250307_143935",
                "type": "blank",
                "volume": 1250
            },
            "ICP1:A2": {
                "composition": {
                    "mixture2": 1.999998000101755e-07,
                    "solvent": 0.9999998000002001
                },
                "constitution": {
                    "K": 3.9999960002035095e-06,
                    "Y": 9.999990000508774e-07
                },
                "container": "ICP tube",
                "name": "",
                "parent_volumes": [
                    250,
                    1000
                ],
                "parents": [
                    "plate1:B1",
                    "solvent"
                ],
                "timestamp": "20250307_143935",
                "type": "blank",
                "volume": 1250
            }
        }
    }
}