{
    "solvent": {
        "composition": {
            "solvent": 1.0
        },
        "constitution": {},
        "volume": 0,
        "timestamp": "",
        "parents": [],
        "parent_volumes": [],
        "type": "solvent",
        "container": "",
        "name": "solvent"
    },
    "source1:A1": {
        "composition": {
            "mixture1": 1.0
        },
        "constitution": {
            "Na": 20.0,
            "Y": 5
        },
        "volume": 0,
        "timestamp": "",
        "parents": [],
        "parent_volumes": [],
        "type": "source",
        "container": "",
        "name": "mixture1"
    },
    "source1:A2": {
        "composition": {
            "mixture2": 1.0
        },
        "constitution": {
            "K": 20.0,
            "Y": 5
        },
        "volume": 0,
        "timestamp": "",
        "parents": [],
        "parent_volumes": [],
        "type": "source",
        "container": "",
        "name": "mixture2"
    },
    "source1:A3": {
        "composition": {
            "mixture3": 1.0
        },
        "constitution": {
            "Mg": 20.0,
            "Y": 5
        },
        "volume": 0,
        "timestamp": "",
        "parents": [],
        "parent_volumes": [],
        "type": "source",
        "container": "",
        "name": "mixture3"
    },
    "source1:A4": {
        "composition": {
            "mixture4": 1.0
        },
        "constitution": {
            "Ca": 20.0,
            "Y": 5
        },
        "volume": 0,
        "timestamp": "",
        "parents": [],
        "parent_volumes": [],
        "type": "source",
        "container": "",
        "name": "mixture4"
    },
    "source1:B1": {
        "composition": {
            "mixture5": 1.0
        },
        "constitution": {
            "Mn": 20.0,
            "Y": 5
        },
        "volume": 0,
        "timestamp": "",
        "parents": [],
        "parent_volumes": [],
        "type": "source",
        "container": "",
        "name": "mixture5"
    },
    "source1:B2": {
        "composition": {
            "mixture6": 1.0
        },
        "constitution": {
            "Y": 20
        },
        "volume": 0,
        "timestamp": "",
        "parents": [],
        "parent_volumes": [],
        "type": "source",
        "container": "",
        "name": "mixture6"
    },
    "plate1:A1": {
        "composition": {
            "solvent": 0.9999991020451511,
            "mixture1": 8.979548489053667e-07
        },
        "constitution": {
            "Na": 1.795909697810733e-05,
            "Y": 4.489774244526832e-06
        },
        "volume": 100000.1,
        "timestamp": "20250308_185359",
        "parents": [
            "solvent",
            "source1:A1",
            "solvent",
            "solvent",
            "solvent",
            "solvent",
            "solvent",
            "solvent",
            "solvent",
            "solvent",
            "solvent",
            "solvent",
            "solvent",
            "solvent",
            "solvent",
            "solvent",
            "solvent",
            "solvent",
            "solvent",
            "solvent",
            "solvent",
            "solvent",
            "solvent",
            "solvent",
            "solvent",
            "solvent",
            "solvent",
            "solvent",
            "solvent",
            "solvent",
            "solvent",
            "solvent",
            "solvent",
            "solvent",
            "solvent",
            "solvent",
            "solvent",
            "solvent",
            "solvent",
            "solvent",
            "solvent",
            "solvent",
            "solvent",
            "solvent",
            "solvent"
        ],
        "parent_volumes": [
            89795.5746815428,
            0.08979557468154278,
            225.05156505386324,
            225.61560349857123,
            226.18105557204927,
            226.7479248172231,
            227.31621478589787,
            227.88592903878057,
            228.45707114550223,
            229.0296446846403,
            229.6036532437411,
            230.17910041934226,
            230.75598981699537,
            231.33432505128835,
            231.91410974586833,
            232.4953475334642,
            233.07804205590946,
            233.66219696416496,
            234.24781591834187,
            234.8349025877245,
            235.42346065079343,
            236.01349379524842,
            236.60500571803158,
            237.19800012535055,
            237.7924807327017,
            238.3884512648934,
            238.9859154560694,
            239.58487704973214,
            240.1853397987663,
            240.7873074654623,
            241.3907838215398,
            241.9957726481714,
            242.60227773600633,
            243.21030288519418,
            243.81985190540868,
            244.43092861587166,
            245.04353684537688,
            245.65768043231407,
            246.27336322469301,
            246.8905890801676,
            247.50936186605995,
            248.12968545938483,
            248.75156374687373,
            249.37500062499936,
            250
        ],
        "type": "sample",
        "container": "glass vial",
        "name": ""
    },
    "plate1:A2": {
        "composition": {
            "solvent": 1.0
        },
        "constitution": {},
        "volume": 100000.0,
        "timestamp": "20250308_185358",
        "parents": [
            "solvent"
        ],
        "parent_volumes": [
            100000.0
        ],
        "type": "sample",
        "container": "glass vial",
        "name": ""
    },
    "plate1:A3": {
        "composition": {
            "solvent": 1.0
        },
        "constitution": {},
        "volume": 100000.0,
        "timestamp": "20250308_185358",
        "parents": [
            "solvent"
        ],
        "parent_volumes": [
            100000.0
        ],
        "type": "sample",
        "container": "glass vial",
        "name": ""
    },
    "plate1:A4": {
        "composition": {
            "solvent": 1.0
        },
        "constitution": {},
        "volume": 100000.0,
        "timestamp": "20250308_185358",
        "parents": [
            "solvent"
        ],
        "parent_volumes": [
            100000.0
        ],
        "type": "sample",
        "container": "glass vial",
        "name": ""
    },
    "plate1:B1": {
        "composition": {
            "solvent": 0.9999991020451511,
            "mixture2": 8.979548489053667e-07
        },
        "constitution": {
            "K": 1.795909697810733e-05,
            "Y": 4.489774244526832e-06
        },
        "volume": 100000.1,
        "timestamp": "20250308_185359",
        "parents": [
            "solvent",
            "source1:A2",
            "solvent",
            "solvent",
            "solvent",
            "solvent",
            "solvent",
            "solvent",
            "solvent",
            "solvent",
            "solvent",
            "solvent",
            "solvent",
            "solvent",
            "solvent",
            "solvent",
            "solvent",
            "solvent",
            "solvent",
            "solvent",
            "solvent",
            "solvent",
            "solvent",
            "solvent",
            "solvent",
            "solvent",
            "solvent",
            "solvent",
            "solvent",
            "solvent",
            "solvent",
            "solvent",
            "solvent",
            "solvent",
            "solvent",
            "solvent",
            "solvent",
            "solvent",
            "solvent",
            "solvent",
            "solvent",
            "solvent",
            "solvent",
            "solvent",
            "solvent"
        ],
        "parent_volumes": [
            89795.5746815428,
            0.08979557468154278,
            225.05156505386324,
            225.61560349857123,
            226.18105557204927,
            226.7479248172231,
            227.31621478589787,
            227.88592903878057,
            228.45707114550223,
            229.0296446846403,
            229.6036532437411,
            230.17910041934226,
            230.75598981699537,
            231.33432505128835,
            231.91410974586833,
            232.4953475334642,
            233.07804205590946,
            233.66219696416496,
            234.24781591834187,
            234.8349025877245,
            235.42346065079343,
            236.01349379524842,
            236.60500571803158,
            237.19800012535055,
            237.7924807327017,
            238.3884512648934,
            238.9859154560694,
            239.58487704973214,
            240.1853397987663,
            240.7873074654623,
            241.3907838215398,
            241.9957726481714,
            242.60227773600633,
            243.21030288519418,
            243.81985190540868,
            244.43092861587166,
            245.04353684537688,
            245.65768043231407,
            246.27336322469301,
            246.8905890801676,
            247.50936186605995,
            248.12968545938483,
            248.75156374687373,
            249.37500062499936,
            250
        ],
        "type": "sample",
        "container": "glass vial",
        "name": ""
    },
    "plate1:B2": {
        "composition": {
            "solvent": 1.0
        },
        "constitution": {},
        "volume": 100000.0,
        "timestamp": "20250308_185358",
        "parents": [
            "solvent"
        ],
        "parent_volumes": [
            100000.0
        ],
        "type": "sample",
        "container": "glass vial",
        "name": ""
    },
    "plate1:B3": {
        "composition": {
            "solvent": 1.0
        },
        "constitution": {},
        "volume": 100000.0,
        "timestamp": "20250308_185358",
        "parents": [
            "solvent"
        ],
        "parent_volumes": [
            100000.0
        ],
        "type": "sample",
        "container": "glass vial",
        "name": ""
    },
    "plate1:B4": {
        "composition": {
            "solvent": 1.0
        },
        "constitution": {},
        "volume": 100000.0,
        "timestamp": "20250308_185358",
        "parents": [
            "solvent"
        ],
        "parent_volumes": [
            100000.0
        ],
        "type": "sample",
        "container": "glass vial",
        "name": ""
    },
    "plate1:C1": {
        "composition": {
            "solvent": 1.0
        },
        "constitution": {},
        "volume": 100000.0,
        "timestamp": "20250308_185358",
        "parents": [
            "solvent"
        ],
        "parent_volumes": [
            100000.0
        ],
        "type": "sample",
        "container": "glass vial",
        "name": ""
    },
    "plate1:C2": {
        "composition": {
            "solvent": 1.0
        },
        "constitution": {},
        "volume": 100000.0,
        "timestamp": "20250308_185358",
        "parents": [
            "solvent"
        ],
        "parent_volumes": [
            100000.0
        ],
        "type": "sample",
        "container": "glass vial",
        "name": ""
    },
    "plate1:C3": {
        "composition": {
            "solvent": 1.0
        },
        "constitution": {},
        "volume": 100000.0,
        "timestamp": "20250308_185358",
        "parents": [
            "solvent"
        ],
        "parent_volumes": [
            100000.0
        ],
        "type": "sample",
        "container": "glass vial",
        "name": ""
    },
    "plate1:C4": {
        "composition": {
            "solvent": 1.0
        },
        "constitution": {},
        "volume": 100000.0,
        "timestamp": "20250308_185358",
        "parents": [
            "solvent"
        ],
        "parent_volumes": [
            100000.0
        ],
        "type": "sample",
        "container": "glass vial",
        "name": ""
    },
    "ICP1:A5": {
        "composition": {
            "solvent": 0.999999909091,
            "mixture1": 9.090900000462522e-08
        },
        "constitution": {
            "Na": 1.8181800000925044e-06,
            "Y": 4.545450000231261e-07
        },
        "volume": 2750,
        "timestamp": "20250308_185358",
        "parents": [
            "plate1:A1",
            "solvent"
        ],
        "parent_volumes": [
            250,
            2500
        ],
        "type": "sample",
        "container": "ICP tube",
        "name": ""
    },
    "ICP1:A6": {
        "composition": {
            "solvent": 0.999999909091,
            "mixture2": 9.090900000462522e-08
        },
        "constitution": {
            "K": 1.8181800000925044e-06,
            "Y": 4.545450000231261e-07
        },
        "volume": 2750,
        "timestamp": "20250308_185358",
        "parents": [
            "plate1:B1",
            "solvent"
        ],
        "parent_volumes": [
            250,
            2500
        ],
        "type": "sample",
        "container": "ICP tube",
        "name": ""
    },
    "ICP1:A7": {
        "composition": {
            "solvent": 0.9999999093182722,
            "mixture1": 9.068172773188593e-08
        },
        "constitution": {
            "Na": 1.8136345546377185e-06,
            "Y": 4.534086386594296e-07
        },
        "volume": 2750,
        "timestamp": "20250308_185358",
        "parents": [
            "plate1:A1",
            "solvent"
        ],
        "parent_volumes": [
            250,
            2500
        ],
        "type": "sample",
        "container": "ICP tube",
        "name": ""
    },
    "ICP1:A8": {
        "composition": {
            "solvent": 0.9999999093182722,
            "mixture2": 9.068172773188593e-08
        },
        "constitution": {
            "K": 1.8136345546377185e-06,
            "Y": 4.534086386594296e-07
        },
        "volume": 2750,
        "timestamp": "20250308_185358",
        "parents": [
            "plate1:B1",
            "solvent"
        ],
        "parent_volumes": [
            250,
            2500
        ],
        "type": "sample",
        "container": "ICP tube",
        "name": ""
    },
    "ICP1:A9": {
        "composition": {
            "solvent": 0.9999999095449763,
            "mixture1": 9.045502363926031e-08
        },
        "constitution": {
            "Na": 1.8091004727852059e-06,
            "Y": 4.5227511819630147e-07
        },
        "volume": 2750,
        "timestamp": "20250308_185358",
        "parents": [
            "plate1:A1",
            "solvent"
        ],
        "parent_volumes": [
            250,
            2500
        ],
        "type": "sample",
        "container": "ICP tube",
        "name": ""
    },
    "ICP1:A10": {
        "composition": {
            "solvent": 0.9999999095449763,
            "mixture2": 9.045502363926031e-08
        },
        "constitution": {
            "K": 1.8091004727852059e-06,
            "Y": 4.5227511819630147e-07
        },
        "volume": 2750,
        "timestamp": "20250308_185358",
        "parents": [
            "plate1:B1",
            "solvent"
        ],
        "parent_volumes": [
            250,
            2500
        ],
        "type": "sample",
        "container": "ICP tube",
        "name": ""
    },
    "ICP1:A11": {
        "composition": {
            "solvent": 0.9999999097711136,
            "mixture1": 9.022888630629948e-08
        },
        "constitution": {
            "Na": 1.8045777261259893e-06,
            "Y": 4.5114443153149733e-07
        },
        "volume": 2750,
        "timestamp": "20250308_185358",
        "parents": [
            "plate1:A1",
            "solvent"
        ],
        "parent_volumes": [
            250,
            2500
        ],
        "type": "sample",
        "container": "ICP tube",
        "name": ""
    },
    "ICP1:A12": {
        "composition": {
            "solvent": 0.9999999097711136,
            "mixture2": 9.022888630629948e-08
        },
        "constitution": {
            "K": 1.8045777261259893e-06,
            "Y": 4.5114443153149733e-07
        },
        "volume": 2750,
        "timestamp": "20250308_185358",
        "parents": [
            "plate1:B1",
            "solvent"
        ],
        "parent_volumes": [
            250,
            2500
        ],
        "type": "sample",
        "container": "ICP tube",
        "name": ""
    },
    "ICP1:A13": {
        "composition": {
            "solvent": 0.9999999099966856,
            "mixture1": 9.000331431610572e-08
        },
        "constitution": {
            "Na": 1.8000662863221142e-06,
            "Y": 4.5001657158052854e-07
        },
        "volume": 2750,
        "timestamp": "20250308_185358",
        "parents": [
            "plate1:A1",
            "solvent"
        ],
        "parent_volumes": [
            250,
            2500
        ],
        "type": "sample",
        "container": "ICP tube",
        "name": ""
    },
    "ICP1:A14": {
        "composition": {
            "solvent": 0.9999999099966856,
            "mixture2": 9.000331431610572e-08
        },
        "constitution": {
            "K": 1.8000662863221142e-06,
            "Y": 4.5001657158052854e-07
        },
        "volume": 2750,
        "timestamp": "20250308_185358",
        "parents": [
            "plate1:B1",
            "solvent"
        ],
        "parent_volumes": [
            250,
            2500
        ],
        "type": "sample",
        "container": "ICP tube",
        "name": ""
    },
    "ICP1:A15": {
        "composition": {
            "solvent": 0.9999999102216937,
            "mixture1": 8.977830625532352e-08
        },
        "constitution": {
            "Na": 1.79556612510647e-06,
            "Y": 4.488915312766175e-07
        },
        "volume": 2750,
        "timestamp": "20250308_185358",
        "parents": [
            "plate1:A1",
            "solvent"
        ],
        "parent_volumes": [
            250,
            2500
        ],
        "type": "sample",
        "container": "ICP tube",
        "name": ""
    },
    "ICP1:B1": {
        "composition": {
            "solvent": 0.9999999102216937,
            "mixture2": 8.977830625532352e-08
        },
        "constitution": {
            "K": 1.79556612510647e-06,
            "Y": 4.488915312766175e-07
        },
        "volume": 2750,
        "timestamp": "20250308_185358",
        "parents": [
            "plate1:B1",
            "solvent"
        ],
        "parent_volumes": [
            250,
            2500
        ],
        "type": "sample",
        "container": "ICP tube",
        "name": ""
    },
    "ICP1:B2": {
        "composition": {
            "solvent": 0.9999999104461392,
            "mixture1": 8.955386071413076e-08
        },
        "constitution": {
            "Na": 1.7910772142826147e-06,
            "Y": 4.4776930357065367e-07
        },
        "volume": 2750,
        "timestamp": "20250308_185358",
        "parents": [
            "plate1:A1",
            "solvent"
        ],
        "parent_volumes": [
            250,
            2500
        ],
        "type": "sample",
        "container": "ICP tube",
        "name": ""
    },
    "ICP1:B3": {
        "composition": {
            "solvent": 0.9999999104461392,
            "mixture2": 8.955386071413076e-08
        },
        "constitution": {
            "K": 1.7910772142826147e-06,
            "Y": 4.4776930357065367e-07
        },
        "volume": 2750,
        "timestamp": "20250308_185358",
        "parents": [
            "plate1:B1",
            "solvent"
        ],
        "parent_volumes": [
            250,
            2500
        ],
        "type": "sample",
        "container": "ICP tube",
        "name": ""
    },
    "ICP1:B4": {
        "composition": {
            "solvent": 0.9999999106700237,
            "mixture1": 8.932997628622986e-08
        },
        "constitution": {
            "Na": 1.7865995257245967e-06,
            "Y": 4.466498814311492e-07
        },
        "volume": 2750,
        "timestamp": "20250308_185358",
        "parents": [
            "plate1:A1",
            "solvent"
        ],
        "parent_volumes": [
            250,
            2500
        ],
        "type": "sample",
        "container": "ICP tube",
        "name": ""
    },
    "ICP1:B5": {
        "composition": {
            "solvent": 0.9999999106700237,
            "mixture2": 8.932997628622986e-08
        },
        "constitution": {
            "K": 1.7865995257245967e-06,
            "Y": 4.466498814311492e-07
        },
        "volume": 2750,
        "timestamp": "20250308_185358",
        "parents": [
            "plate1:B1",
            "solvent"
        ],
        "parent_volumes": [
            250,
            2500
        ],
        "type": "sample",
        "container": "ICP tube",
        "name": ""
    },
    "ICP1:B6": {
        "composition": {
            "solvent": 0.9999999108933484,
            "mixture1": 8.9106651568839e-08
        },
        "constitution": {
            "Na": 1.7821330313767797e-06,
            "Y": 4.455332578441949e-07
        },
        "volume": 2750,
        "timestamp": "20250308_185358",
        "parents": [
            "plate1:A1",
            "solvent"
        ],
        "parent_volumes": [
            250,
            2500
        ],
        "type": "sample",
        "container": "ICP tube",
        "name": ""
    },
    "ICP1:B7": {
        "composition": {
            "solvent": 0.9999999108933484,
            "mixture2": 8.9106651568839e-08
        },
        "constitution": {
            "K": 1.7821330313767797e-06,
            "Y": 4.455332578441949e-07
        },
        "volume": 2750,
        "timestamp": "20250308_185358",
        "parents": [
            "plate1:B1",
            "solvent"
        ],
        "parent_volumes": [
            250,
            2500
        ],
        "type": "sample",
        "container": "ICP tube",
        "name": ""
    },
    "ICP1:B8": {
        "composition": {
            "solvent": 0.9999999111161149,
            "mixture1": 8.88838851626833e-08
        },
        "constitution": {
            "Na": 1.7776777032536657e-06,
            "Y": 4.444194258134164e-07
        },
        "volume": 2750,
        "timestamp": "20250308_185358",
        "parents": [
            "plate1:A1",
            "solvent"
        ],
        "parent_volumes": [
            250,
            2500
        ],
        "type": "sample",
        "container": "ICP tube",
        "name": ""
    },
    "ICP1:B9": {
        "composition": {
            "solvent": 0.9999999111161149,
            "mixture2": 8.88838851626833e-08
        },
        "constitution": {
            "K": 1.7776777032536657e-06,
            "Y": 4.444194258134164e-07
        },
        "volume": 2750,
        "timestamp": "20250308_185358",
        "parents": [
            "plate1:B1",
            "solvent"
        ],
        "parent_volumes": [
            250,
            2500
        ],
        "type": "sample",
        "container": "ICP tube",
        "name": ""
    },
    "ICP1:B10": {
        "composition": {
            "solvent": 0.9999999113383243,
            "mixture1": 8.866167567198609e-08
        },
        "constitution": {
            "Na": 1.7732335134397214e-06,
            "Y": 4.4330837835993036e-07
        },
        "volume": 2750,
        "timestamp": "20250308_185358",
        "parents": [
            "plate1:A1",
            "solvent"
        ],
        "parent_volumes": [
            250,
            2500
        ],
        "type": "sample",
        "container": "ICP tube",
        "name": ""
    },
    "ICP1:B11": {
        "composition": {
            "solvent": 0.9999999113383243,
            "mixture2": 8.866167567198609e-08
        },
        "constitution": {
            "K": 1.7732335134397214e-06,
            "Y": 4.4330837835993036e-07
        },
        "volume": 2750,
        "timestamp": "20250308_185358",
        "parents": [
            "plate1:B1",
            "solvent"
        ],
        "parent_volumes": [
            250,
            2500
        ],
        "type": "sample",
        "container": "ICP tube",
        "name": ""
    },
    "ICP1:B12": {
        "composition": {
            "solvent": 0.9999999115599782,
            "mixture1": 8.84400217044601e-08
        },
        "constitution": {
            "Na": 1.7688004340892015e-06,
            "Y": 4.4220010852230036e-07
        },
        "volume": 2750,
        "timestamp": "20250308_185358",
        "parents": [
            "plate1:A1",
            "solvent"
        ],
        "parent_volumes": [
            250,
            2500
        ],
        "type": "sample",
        "container": "ICP tube",
        "name": ""
    },
    "ICP1:B13": {
        "composition": {
            "solvent": 0.9999999115599782,
            "mixture2": 8.84400217044601e-08
        },
        "constitution": {
            "K": 1.7688004340892015e-06,
            "Y": 4.4220010852230036e-07
        },
        "volume": 2750,
        "timestamp": "20250308_185358",
        "parents": [
            "plate1:B1",
            "solvent"
        ],
        "parent_volumes": [
            250,
            2500
        ],
        "type": "sample",
        "container": "ICP tube",
        "name": ""
    },
    "ICP1:B14": {
        "composition": {
            "solvent": 0.999999911781078,
            "mixture1": 8.821892187129877e-08
        },
        "constitution": {
            "Na": 1.764378437425975e-06,
            "Y": 4.4109460935649375e-07
        },
        "volume": 2750,
        "timestamp": "20250308_185358",
        "parents": [
            "plate1:A1",
            "solvent"
        ],
        "parent_volumes": [
            250,
            2500
        ],
        "type": "sample",
        "container": "ICP tube",
        "name": ""
    },
    "ICP1:B15": {
        "composition": {
            "solvent": 0.999999911781078,
            "mixture2": 8.821892187129877e-08
        },
        "constitution": {
            "K": 1.764378437425975e-06,
            "Y": 4.4109460935649375e-07
        },
        "volume": 2750,
        "timestamp": "20250308_185358",
        "parents": [
            "plate1:B1",
            "solvent"
        ],
        "parent_volumes": [
            250,
            2500
        ],
        "type": "sample",
        "container": "ICP tube",
        "name": ""
    },
    "ICP1:C1": {
        "composition": {
            "solvent": 0.9999999120016252,
            "mixture1": 8.799837478716761e-08
        },
        "constitution": {
            "Na": 1.7599674957433517e-06,
            "Y": 4.399918739358379e-07
        },
        "volume": 2750,
        "timestamp": "20250308_185358",
        "parents": [
            "plate1:A1",
            "solvent"
        ],
        "parent_volumes": [
            250,
            2500
        ],
        "type": "sample",
        "container": "ICP tube",
        "name": ""
    },
    "ICP1:C2": {
        "composition": {
            "solvent": 0.9999999120016252,
            "mixture2": 8.799837478716761e-08
        },
        "constitution": {
            "K": 1.7599674957433517e-06,
            "Y": 4.399918739358379e-07
        },
        "volume": 2750,
        "timestamp": "20250308_185358",
        "parents": [
            "plate1:B1",
            "solvent"
        ],
        "parent_volumes": [
            250,
            2500
        ],
        "type": "sample",
        "container": "ICP tube",
        "name": ""
    },
    "ICP1:C3": {
        "composition": {
            "solvent": 0.9999999122216209,
            "mixture1": 8.77783790701954e-08
        },
        "constitution": {
            "Na": 1.7555675814039077e-06,
            "Y": 4.388918953509769e-07
        },
        "volume": 2750,
        "timestamp": "20250308_185358",
        "parents": [
            "plate1:A1",
            "solvent"
        ],
        "parent_volumes": [
            250,
            2500
        ],
        "type": "sample",
        "container": "ICP tube",
        "name": ""
    },
    "ICP1:C4": {
        "composition": {
            "solvent": 0.9999999122216209,
            "mixture2": 8.77783790701954e-08
        },
        "constitution": {
            "K": 1.7555675814039077e-06,
            "Y": 4.388918953509769e-07
        },
        "volume": 2750,
        "timestamp": "20250308_185358",
        "parents": [
            "plate1:B1",
            "solvent"
        ],
        "parent_volumes": [
            250,
            2500
        ],
        "type": "sample",
        "container": "ICP tube",
        "name": ""
    },
    "ICP1:C5": {
        "composition": {
            "solvent": 0.9999999124410667,
            "mixture1": 8.755893334196563e-08
        },
        "constitution": {
            "Na": 1.7511786668393122e-06,
            "Y": 4.3779466670982805e-07
        },
        "volume": 2750,
        "timestamp": "20250308_185358",
        "parents": [
            "plate1:A1",
            "solvent"
        ],
        "parent_volumes": [
            250,
            2500
        ],
        "type": "sample",
        "container": "ICP tube",
        "name": ""
    },
    "ICP1:C6": {
        "composition": {
            "solvent": 0.9999999124410667,
            "mixture2": 8.755893334196563e-08
        },
        "constitution": {
            "K": 1.7511786668393122e-06,
            "Y": 4.3779466670982805e-07
        },
        "volume": 2750,
        "timestamp": "20250308_185358",
        "parents": [
            "plate1:B1",
            "solvent"
        ],
        "parent_volumes": [
            250,
            2500
        ],
        "type": "sample",
        "container": "ICP tube",
        "name": ""
    },
    "ICP1:C7": {
        "composition": {
            "solvent": 0.9999999126599637,
            "mixture1": 8.734003622750783e-08
        },
        "constitution": {
            "Na": 1.7468007245501564e-06,
            "Y": 4.367001811375391e-07
        },
        "volume": 2750,
        "timestamp": "20250308_185358",
        "parents": [
            "plate1:A1",
            "solvent"
        ],
        "parent_volumes": [
            250,
            2500
        ],
        "type": "sample",
        "container": "ICP tube",
        "name": ""
    },
    "ICP1:C8": {
        "composition": {
            "solvent": 0.9999999126599637,
            "mixture2": 8.734003622750783e-08
        },
        "constitution": {
            "K": 1.7468007245501564e-06,
            "Y": 4.367001811375391e-07
        },
        "volume": 2750,
        "timestamp": "20250308_185358",
        "parents": [
            "plate1:B1",
            "solvent"
        ],
        "parent_volumes": [
            250,
            2500
        ],
        "type": "sample",
        "container": "ICP tube",
        "name": ""
    },
    "ICP1:C9": {
        "composition": {
            "solvent": 0.9999999128783136,
            "mixture1": 8.712168635528894e-08
        },
        "constitution": {
            "Na": 1.7424337271057784e-06,
            "Y": 4.356084317764446e-07
        },
        "volume": 2750,
        "timestamp": "20250308_185358",
        "parents": [
            "plate1:A1",
            "solvent"
        ],
        "parent_volumes": [
            250,
            2500
        ],
        "type": "sample",
        "container": "ICP tube",
        "name": ""
    },
    "ICP1:C10": {
        "composition": {
            "solvent": 0.9999999128783136,
            "mixture2": 8.712168635528894e-08
        },
        "constitution": {
            "K": 1.7424337271057784e-06,
            "Y": 4.356084317764446e-07
        },
        "volume": 2750,
        "timestamp": "20250308_185358",
        "parents": [
            "plate1:B1",
            "solvent"
        ],
        "parent_volumes": [
            250,
            2500
        ],
        "type": "sample",
        "container": "ICP tube",
        "name": ""
    },
    "ICP1:C11": {
        "composition": {
            "solvent": 0.9999999130961176,
            "mixture1": 8.690388235720473e-08
        },
        "constitution": {
            "Na": 1.7380776471440941e-06,
            "Y": 4.3451941178602353e-07
        },
        "volume": 2750,
        "timestamp": "20250308_185358",
        "parents": [
            "plate1:A1",
            "solvent"
        ],
        "parent_volumes": [
            250,
            2500
        ],
        "type": "sample",
        "container": "ICP tube",
        "name": ""
    },
    "ICP1:C12": {
        "composition": {
            "solvent": 0.9999999130961176,
            "mixture2": 8.690388235720473e-08
        },
        "constitution": {
            "K": 1.7380776471440941e-06,
            "Y": 4.3451941178602353e-07
        },
        "volume": 2750,
        "timestamp": "20250308_185358",
        "parents": [
            "plate1:B1",
            "solvent"
        ],
        "parent_volumes": [
            250,
            2500
        ],
        "type": "sample",
        "container": "ICP tube",
        "name": ""
    },
    "ICP1:C13": {
        "composition": {
            "solvent": 0.9999999133133771,
            "mixture1": 8.66866228685712e-08
        },
        "constitution": {
            "Na": 1.7337324573714236e-06,
            "Y": 4.334331143428559e-07
        },
        "volume": 2750,
        "timestamp": "20250308_185358",
        "parents": [
            "plate1:A1",
            "solvent"
        ],
        "parent_volumes": [
            250,
            2500
        ],
        "type": "sample",
        "container": "ICP tube",
        "name": ""
    },
    "ICP1:C14": {
        "composition": {
            "solvent": 0.9999999133133771,
            "mixture2": 8.66866228685712e-08
        },
        "constitution": {
            "K": 1.7337324573714236e-06,
            "Y": 4.334331143428559e-07
        },
        "volume": 2750,
        "timestamp": "20250308_185358",
        "parents": [
            "plate1:B1",
            "solvent"
        ],
        "parent_volumes": [
            250,
            2500
        ],
        "type": "sample",
        "container": "ICP tube",
        "name": ""
    },
    "ICP1:C15": {
        "composition": {
            "solvent": 0.9999999135300934,
            "mixture1": 8.64699065281161e-08
        },
        "constitution": {
            "Na": 1.7293981305623218e-06,
            "Y": 4.3234953264058045e-07
        },
        "volume": 2750,
        "timestamp": "20250308_185358",
        "parents": [
            "plate1:A1",
            "solvent"
        ],
        "parent_volumes": [
            250,
            2500
        ],
        "type": "sample",
        "container": "ICP tube",
        "name": ""
    },
    "ICP1:D1": {
        "composition": {
            "solvent": 0.9999999135300934,
            "mixture2": 8.64699065281161e-08
        },
        "constitution": {
            "K": 1.7293981305623218e-06,
            "Y": 4.3234953264058045e-07
        },
        "volume": 2750,
        "timestamp": "20250308_185358",
        "parents": [
            "plate1:B1",
            "solvent"
        ],
        "parent_volumes": [
            250,
            2500
        ],
        "type": "sample",
        "container": "ICP tube",
        "name": ""
    },
    "ICP1:D2": {
        "composition": {
            "solvent": 0.999999913746268,
            "mixture1": 8.625373197797036e-08
        },
        "constitution": {
            "Na": 1.725074639559407e-06,
            "Y": 4.3126865988985176e-07
        },
        "volume": 2750,
        "timestamp": "20250308_185358",
        "parents": [
            "plate1:A1",
            "solvent"
        ],
        "parent_volumes": [
            250,
            2500
        ],
        "type": "sample",
        "container": "ICP tube",
        "name": ""
    },
    "ICP1:D3": {
        "composition": {
            "solvent": 0.999999913746268,
            "mixture2": 8.625373197797036e-08
        },
        "constitution": {
            "K": 1.725074639559407e-06,
            "Y": 4.3126865988985176e-07
        },
        "volume": 2750,
        "timestamp": "20250308_185358",
        "parents": [
            "plate1:B1",
            "solvent"
        ],
        "parent_volumes": [
            250,
            2500
        ],
        "type": "sample",
        "container": "ICP tube",
        "name": ""
    },
    "ICP1:D4": {
        "composition": {
            "solvent": 0.9999999139619021,
            "mixture1": 8.603809786365956e-08
        },
        "constitution": {
            "Na": 1.7207619572731909e-06,
            "Y": 4.301904893182977e-07
        },
        "volume": 2750,
        "timestamp": "20250308_185358",
        "parents": [
            "plate1:A1",
            "solvent"
        ],
        "parent_volumes": [
            250,
            2500
        ],
        "type": "sample",
        "container": "ICP tube",
        "name": ""
    },
    "ICP1:D5": {
        "composition": {
            "solvent": 0.9999999139619021,
            "mixture2": 8.603809786365956e-08
        },
        "constitution": {
            "K": 1.7207619572731909e-06,
            "Y": 4.301904893182977e-07
        },
        "volume": 2750,
        "timestamp": "20250308_185358",
        "parents": [
            "plate1:B1",
            "solvent"
        ],
        "parent_volumes": [
            250,
            2500
        ],
        "type": "sample",
        "container": "ICP tube",
        "name": ""
    },
    "ICP1:D6": {
        "composition": {
            "solvent": 0.9999999141769972,
            "mixture1": 8.582300283409543e-08
        },
        "constitution": {
            "Na": 1.7164600566819083e-06,
            "Y": 4.2911501417047707e-07
        },
        "volume": 2750,
        "timestamp": "20250308_185358",
        "parents": [
            "plate1:A1",
            "solvent"
        ],
        "parent_volumes": [
            250,
            2500
        ],
        "type": "sample",
        "container": "ICP tube",
        "name": ""
    },
    "ICP1:D7": {
        "composition": {
            "solvent": 0.9999999141769972,
            "mixture2": 8.582300283409543e-08
        },
        "constitution": {
            "K": 1.7164600566819083e-06,
            "Y": 4.2911501417047707e-07
        },
        "volume": 2750,
        "timestamp": "20250308_185358",
        "parents": [
            "plate1:B1",
            "solvent"
        ],
        "parent_volumes": [
            250,
            2500
        ],
        "type": "sample",
        "container": "ICP tube",
        "name": ""
    },
    "ICP1:D8": {
        "composition": {
            "solvent": 0.9999999143915544,
            "mixture1": 8.560844554156749e-08
        },
        "constitution": {
            "Na": 1.7121689108313495e-06,
            "Y": 4.2804222770783737e-07
        },
        "volume": 2750,
        "timestamp": "20250308_185358",
        "parents": [
            "plate1:A1",
            "solvent"
        ],
        "parent_volumes": [
            250,
            2500
        ],
        "type": "sample",
        "container": "ICP tube",
        "name": ""
    },
    "ICP1:D9": {
        "composition": {
            "solvent": 0.9999999143915544,
            "mixture2": 8.560844554156749e-08
        },
        "constitution": {
            "K": 1.7121689108313495e-06,
            "Y": 4.2804222770783737e-07
        },
        "volume": 2750,
        "timestamp": "20250308_185358",
        "parents": [
            "plate1:B1",
            "solvent"
        ],
        "parent_volumes": [
            250,
            2500
        ],
        "type": "sample",
        "container": "ICP tube",
        "name": ""
    },
    "ICP1:D10": {
        "composition": {
            "solvent": 0.9999999146055754,
            "mixture1": 8.539442464173447e-08
        },
        "constitution": {
            "Na": 1.7078884928346889e-06,
            "Y": 4.269721232086722e-07
        },
        "volume": 2750,
        "timestamp": "20250308_185358",
        "parents": [
            "plate1:A1",
            "solvent"
        ],
        "parent_volumes": [
            250,
            2500
        ],
        "type": "sample",
        "container": "ICP tube",
        "name": ""
    },
    "ICP1:D11": {
        "composition": {
            "solvent": 0.9999999146055754,
            "mixture2": 8.539442464173447e-08
        },
        "constitution": {
            "K": 1.7078884928346889e-06,
            "Y": 4.269721232086722e-07
        },
        "volume": 2750,
        "timestamp": "20250308_185358",
        "parents": [
            "plate1:B1",
            "solvent"
        ],
        "parent_volumes": [
            250,
            2500
        ],
        "type": "sample",
        "container": "ICP tube",
        "name": ""
    },
    "ICP1:D12": {
        "composition": {
            "solvent": 0.9999999148190611,
            "mixture1": 8.518093879361598e-08
        },
        "constitution": {
            "Na": 1.7036187758723191e-06,
            "Y": 4.259046939680798e-07
        },
        "volume": 2750,
        "timestamp": "20250308_185358",
        "parents": [
            "plate1:A1",
            "solvent"
        ],
        "parent_volumes": [
            250,
            2500
        ],
        "type": "sample",
        "container": "ICP tube",
        "name": ""
    },
    "ICP1:D13": {
        "composition": {
            "solvent": 0.9999999148190611,
            "mixture2": 8.518093879361598e-08
        },
        "constitution": {
            "K": 1.7036187758723191e-06,
            "Y": 4.259046939680798e-07
        },
        "volume": 2750,
        "timestamp": "20250308_185358",
        "parents": [
            "plate1:B1",
            "solvent"
        ],
        "parent_volumes": [
            250,
            2500
        ],
        "type": "sample",
        "container": "ICP tube",
        "name": ""
    },
    "ICP1:D14": {
        "composition": {
            "solvent": 0.9999999150320134,
            "mixture1": 8.496798665958407e-08
        },
        "constitution": {
            "Na": 1.699359733191681e-06,
            "Y": 4.2483993329792023e-07
        },
        "volume": 2750,
        "timestamp": "20250308_185358",
        "parents": [
            "plate1:A1",
            "solvent"
        ],
        "parent_volumes": [
            250,
            2500
        ],
        "type": "sample",
        "container": "ICP tube",
        "name": ""
    },
    "ICP1:D15": {
        "composition": {
            "solvent": 0.9999999150320134,
            "mixture2": 8.496798665958407e-08
        },
        "constitution": {
            "K": 1.699359733191681e-06,
            "Y": 4.2483993329792023e-07
        },
        "volume": 2750,
        "timestamp": "20250308_185358",
        "parents": [
            "plate1:B1",
            "solvent"
        ],
        "parent_volumes": [
            250,
            2500
        ],
        "type": "sample",
        "container": "ICP tube",
        "name": ""
    },
    "ICP1:E1": {
        "composition": {
            "solvent": 0.9999999152444331,
            "mixture1": 8.475556690535485e-08
        },
        "constitution": {
            "Na": 1.6951113381070969e-06,
            "Y": 4.237778345267742e-07
        },
        "volume": 2750,
        "timestamp": "20250308_185359",
        "parents": [
            "plate1:A1",
            "solvent"
        ],
        "parent_volumes": [
            250,
            2500
        ],
        "type": "sample",
        "container": "ICP tube",
        "name": ""
    },
    "ICP1:E2": {
        "composition": {
            "solvent": 0.9999999152444331,
            "mixture2": 8.475556690535485e-08
        },
        "constitution": {
            "K": 1.6951113381070969e-06,
            "Y": 4.237778345267742e-07
        },
        "volume": 2750,
        "timestamp": "20250308_185359",
        "parents": [
            "plate1:B1",
            "solvent"
        ],
        "parent_volumes": [
            250,
            2500
        ],
        "type": "sample",
        "container": "ICP tube",
        "name": ""
    },
    "ICP1:E3": {
        "composition": {
            "solvent": 0.9999999154563218,
            "mixture1": 8.454367819998017e-08
        },
        "constitution": {
            "Na": 1.690873563999603e-06,
            "Y": 4.2271839099990074e-07
        },
        "volume": 2750,
        "timestamp": "20250308_185359",
        "parents": [
            "plate1:A1",
            "solvent"
        ],
        "parent_volumes": [
            250,
            2500
        ],
        "type": "sample",
        "container": "ICP tube",
        "name": ""
    },
    "ICP1:E4": {
        "composition": {
            "solvent": 0.9999999154563218,
            "mixture2": 8.454367819998017e-08
        },
        "constitution": {
            "K": 1.690873563999603e-06,
            "Y": 4.2271839099990074e-07
        },
        "volume": 2750,
        "timestamp": "20250308_185359",
        "parents": [
            "plate1:B1",
            "solvent"
        ],
        "parent_volumes": [
            250,
            2500
        ],
        "type": "sample",
        "container": "ICP tube",
        "name": ""
    },
    "ICP1:E5": {
        "composition": {
            "solvent": 0.9999999156676808,
            "mixture1": 8.433231921583921e-08
        },
        "constitution": {
            "Na": 1.6866463843167837e-06,
            "Y": 4.2166159607919594e-07
        },
        "volume": 2750,
        "timestamp": "20250308_185359",
        "parents": [
            "plate1:A1",
            "solvent"
        ],
        "parent_volumes": [
            250,
            2500
        ],
        "type": "sample",
        "container": "ICP tube",
        "name": ""
    },
    "ICP1:E6": {
        "composition": {
            "solvent": 0.9999999156676808,
            "mixture2": 8.433231921583921e-08
        },
        "constitution": {
            "K": 1.6866463843167837e-06,
            "Y": 4.2166159607919594e-07
        },
        "volume": 2750,
        "timestamp": "20250308_185359",
        "parents": [
            "plate1:B1",
            "solvent"
        ],
        "parent_volumes": [
            250,
            2500
        ],
        "type": "sample",
        "container": "ICP tube",
        "name": ""
    },
    "ICP1:E7": {
        "composition": {
            "solvent": 0.9999999158785113,
            "mixture1": 8.41214886286302e-08
        },
        "constitution": {
            "Na": 1.6824297725726036e-06,
            "Y": 4.206074431431509e-07
        },
        "volume": 2750,
        "timestamp": "20250308_185359",
        "parents": [
            "plate1:A1",
            "solvent"
        ],
        "parent_volumes": [
            250,
            2500
        ],
        "type": "sample",
        "container": "ICP tube",
        "name": ""
    },
    "ICP1:E8": {
        "composition": {
            "solvent": 0.9999999158785113,
            "mixture2": 8.41214886286302e-08
        },
        "constitution": {
            "K": 1.6824297725726036e-06,
            "Y": 4.206074431431509e-07
        },
        "volume": 2750,
        "timestamp": "20250308_185359",
        "parents": [
            "plate1:B1",
            "solvent"
        ],
        "parent_volumes": [
            250,
            2500
        ],
        "type": "sample",
        "container": "ICP tube",
        "name": ""
    },
    "ICP1:E9": {
        "composition": {
            "solvent": 0.9999999160888149,
            "mixture1": 8.391118511736213e-08
        },
        "constitution": {
            "Na": 1.6782237023472423e-06,
            "Y": 4.195559255868106e-07
        },
        "volume": 2750,
        "timestamp": "20250308_185359",
        "parents": [
            "plate1:A1",
            "solvent"
        ],
        "parent_volumes": [
            250,
            2500
        ],
        "type": "sample",
        "container": "ICP tube",
        "name": ""
    },
    "ICP1:E10": {
        "composition": {
            "solvent": 0.9999999160888149,
            "mixture2": 8.391118511736213e-08
        },
        "constitution": {
            "K": 1.6782237023472423e-06,
            "Y": 4.195559255868106e-07
        },
        "volume": 2750,
        "timestamp": "20250308_185359",
        "parents": [
            "plate1:B1",
            "solvent"
        ],
        "parent_volumes": [
            250,
            2500
        ],
        "type": "sample",
        "container": "ICP tube",
        "name": ""
    },
    "ICP1:E11": {
        "composition": {
            "solvent": 0.9999999162985926,
            "mixture1": 8.370140736434648e-08
        },
        "constitution": {
            "Na": 1.6740281472869294e-06,
            "Y": 4.1850703682173234e-07
        },
        "volume": 2750,
        "timestamp": "20250308_185359",
        "parents": [
            "plate1:A1",
            "solvent"
        ],
        "parent_volumes": [
            250,
            2500
        ],
        "type": "sample",
        "container": "ICP tube",
        "name": ""
    },
    "ICP1:E12": {
        "composition": {
            "solvent": 0.9999999162985926,
            "mixture2": 8.370140736434648e-08
        },
        "constitution": {
            "K": 1.6740281472869294e-06,
            "Y": 4.1850703682173234e-07
        },
        "volume": 2750,
        "timestamp": "20250308_185359",
        "parents": [
            "plate1:B1",
            "solvent"
        ],
        "parent_volumes": [
            250,
            2500
        ],
        "type": "sample",
        "container": "ICP tube",
        "name": ""
    },
    "ICP1:E13": {
        "composition": {
            "solvent": 0.9999999165078459,
            "mixture1": 8.349215405518893e-08
        },
        "constitution": {
            "Na": 1.6698430811037782e-06,
            "Y": 4.1746077027594456e-07
        },
        "volume": 2750,
        "timestamp": "20250308_185359",
        "parents": [
            "plate1:A1",
            "solvent"
        ],
        "parent_volumes": [
            250,
            2500
        ],
        "type": "sample",
        "container": "ICP tube",
        "name": ""
    },
    "ICP1:E14": {
        "composition": {
            "solvent": 0.9999999165078459,
            "mixture2": 8.349215405518893e-08
        },
        "constitution": {
            "K": 1.6698430811037782e-06,
            "Y": 4.1746077027594456e-07
        },
        "volume": 2750,
        "timestamp": "20250308_185359",
        "parents": [
            "plate1:B1",
            "solvent"
        ],
        "parent_volumes": [
            250,
            2500
        ],
        "type": "sample",
        "container": "ICP tube",
        "name": ""
    },
    "ICP1:E15": {
        "composition": {
            "solvent": 0.9999999167165761,
            "mixture1": 8.328342387878112e-08
        },
        "constitution": {
            "Na": 1.6656684775756223e-06,
            "Y": 4.164171193939056e-07
        },
        "volume": 2750,
        "timestamp": "20250308_185359",
        "parents": [
            "plate1:A1",
            "solvent"
        ],
        "parent_volumes": [
            250,
            2500
        ],
        "type": "sample",
        "container": "ICP tube",
        "name": ""
    },
    "ICP1:F1": {
        "composition": {
            "solvent": 0.9999999167165761,
            "mixture2": 8.328342387878112e-08
        },
        "constitution": {
            "K": 1.6656684775756223e-06,
            "Y": 4.164171193939056e-07
        },
        "volume": 2750,
        "timestamp": "20250308_185359",
        "parents": [
            "plate1:B1",
            "solvent"
        ],
        "parent_volumes": [
            250,
            2500
        ],
        "type": "sample",
        "container": "ICP tube",
        "name": ""
    },
    "ICP1:F2": {
        "composition": {
            "solvent": 0.9999999169247844,
            "mixture1": 8.307521552729252e-08
        },
        "constitution": {
            "Na": 1.6615043105458501e-06,
            "Y": 4.1537607763646253e-07
        },
        "volume": 2750,
        "timestamp": "20250308_185359",
        "parents": [
            "plate1:A1",
            "solvent"
        ],
        "parent_volumes": [
            250,
            2500
        ],
        "type": "sample",
        "container": "ICP tube",
        "name": ""
    },
    "ICP1:F3": {
        "composition": {
            "solvent": 0.9999999169247844,
            "mixture2": 8.307521552729252e-08
        },
        "constitution": {
            "K": 1.6615043105458501e-06,
            "Y": 4.1537607763646253e-07
        },
        "volume": 2750,
        "timestamp": "20250308_185359",
        "parents": [
            "plate1:B1",
            "solvent"
        ],
        "parent_volumes": [
            250,
            2500
        ],
        "type": "sample",
        "container": "ICP tube",
        "name": ""
    },
    "ICP1:F4": {
        "composition": {
            "solvent": 0.9999999171324723,
            "mixture1": 8.286752769616213e-08
        },
        "constitution": {
            "Na": 1.657350553923242e-06,
            "Y": 4.143376384808105e-07
        },
        "volume": 2750,
        "timestamp": "20250308_185359",
        "parents": [
            "plate1:A1",
            "solvent"
        ],
        "parent_volumes": [
            250,
            2500
        ],
        "type": "sample",
        "container": "ICP tube",
        "name": ""
    },
    "ICP1:F5": {
        "composition": {
            "solvent": 0.9999999171324723,
            "mixture2": 8.286752769616213e-08
        },
        "constitution": {
            "K": 1.657350553923242e-06,
            "Y": 4.143376384808105e-07
        },
        "volume": 2750,
        "timestamp": "20250308_185359",
        "parents": [
            "plate1:B1",
            "solvent"
        ],
        "parent_volumes": [
            250,
            2500
        ],
        "type": "sample",
        "container": "ICP tube",
        "name": ""
    },
    "ICP1:F6": {
        "composition": {
            "solvent": 0.9999999173396409,
            "mixture1": 8.266035908409034e-08
        },
        "constitution": {
            "Na": 1.653207181681806e-06,
            "Y": 4.133017954204515e-07
        },
        "volume": 2750,
        "timestamp": "20250308_185359",
        "parents": [
            "plate1:A1",
            "solvent"
        ],
        "parent_volumes": [
            250,
            2500
        ],
        "type": "sample",
        "container": "ICP tube",
        "name": ""
    },
    "ICP1:F7": {
        "composition": {
            "solvent": 0.9999999173396409,
            "mixture2": 8.266035908409034e-08
        },
        "constitution": {
            "K": 1.653207181681806e-06,
            "Y": 4.133017954204515e-07
        },
        "volume": 2750,
        "timestamp": "20250308_185359",
        "parents": [
            "plate1:B1",
            "solvent"
        ],
        "parent_volumes": [
            250,
            2500
        ],
        "type": "sample",
        "container": "ICP tube",
        "name": ""
    },
    "ICP1:F8": {
        "composition": {
            "solvent": 0.9999999175462916,
            "mixture1": 8.24537083930308e-08
        },
        "constitution": {
            "Na": 1.6490741678606156e-06,
            "Y": 4.122685419651539e-07
        },
        "volume": 2750,
        "timestamp": "20250308_185359",
        "parents": [
            "plate1:A1",
            "solvent"
        ],
        "parent_volumes": [
            250,
            2500
        ],
        "type": "sample",
        "container": "ICP tube",
        "name": ""
    },
    "ICP1:F9": {
        "composition": {
            "solvent": 0.9999999175462916,
            "mixture2": 8.24537083930308e-08
        },
        "constitution": {
            "K": 1.6490741678606156e-06,
            "Y": 4.122685419651539e-07
        },
        "volume": 2750,
        "timestamp": "20250308_185359",
        "parents": [
            "plate1:B1",
            "solvent"
        ],
        "parent_volumes": [
            250,
            2500
        ],
        "type": "sample",
        "container": "ICP tube",
        "name": ""
    },
    "ICP1:F10": {
        "composition": {
            "solvent": 0.9999999177524257,
            "mixture1": 8.224757432818228e-08
        },
        "constitution": {
            "Na": 1.644951486563645e-06,
            "Y": 4.1123787164091127e-07
        },
        "volume": 2750,
        "timestamp": "20250308_185359",
        "parents": [
            "plate1:A1",
            "solvent"
        ],
        "parent_volumes": [
            250,
            2500
        ],
        "type": "sample",
        "container": "ICP tube",
        "name": ""
    },
    "ICP1:F11": {
        "composition": {
            "solvent": 0.9999999177524257,
            "mixture2": 8.224757432818228e-08
        },
        "constitution": {
            "K": 1.644951486563645e-06,
            "Y": 4.1123787164091127e-07
        },
        "volume": 2750,
        "timestamp": "20250308_185359",
        "parents": [
            "plate1:B1",
            "solvent"
        ],
        "parent_volumes": [
            250,
            2500
        ],
        "type": "sample",
        "container": "ICP tube",
        "name": ""
    },
    "ICP1:F12": {
        "composition": {
            "solvent": 0.9999999179580443,
            "mixture1": 8.204195559798055e-08
        },
        "constitution": {
            "Na": 1.6408391119596105e-06,
            "Y": 4.1020977798990263e-07
        },
        "volume": 2750,
        "timestamp": "20250308_185359",
        "parents": [
            "plate1:A1",
            "solvent"
        ],
        "parent_volumes": [
            250,
            2500
        ],
        "type": "sample",
        "container": "ICP tube",
        "name": ""
    },
    "ICP1:F13": {
        "composition": {
            "solvent": 0.9999999179580443,
            "mixture2": 8.204195559798055e-08
        },
        "constitution": {
            "K": 1.6408391119596105e-06,
            "Y": 4.1020977798990263e-07
        },
        "volume": 2750,
        "timestamp": "20250308_185359",
        "parents": [
            "plate1:B1",
            "solvent"
        ],
        "parent_volumes": [
            250,
            2500
        ],
        "type": "sample",
        "container": "ICP tube",
        "name": ""
    },
    "ICP1:F14": {
        "composition": {
            "solvent": 0.999999918163149,
            "mixture1": 8.183685091409027e-08
        },
        "constitution": {
            "Na": 1.6367370182818053e-06,
            "Y": 4.091842545704513e-07
        },
        "volume": 2750,
        "timestamp": "20250308_185359",
        "parents": [
            "plate1:A1",
            "solvent"
        ],
        "parent_volumes": [
            250,
            2500
        ],
        "type": "sample",
        "container": "ICP tube",
        "name": ""
    },
    "ICP1:F15": {
        "composition": {
            "solvent": 0.999999918163149,
            "mixture2": 8.183685091409027e-08
        },
        "constitution": {
            "K": 1.6367370182818053e-06,
            "Y": 4.091842545704513e-07
        },
        "volume": 2750,
        "timestamp": "20250308_185359",
        "parents": [
            "plate1:B1",
            "solvent"
        ],
        "parent_volumes": [
            250,
            2500
        ],
        "type": "sample",
        "container": "ICP tube",
        "name": ""
    }
}