{
    "code": "1RYS2",
    "rack": {
        "name": "Rack 6x15 ICP robotic",
        "type": "ICP90",
        "instrument": "BK",
        "position": "Deck 16-17 Waste 1",
        "label": "",
        "code": null,
        "holder": null,
        "items": 90,
        "layout": "rectangular",
        "rows": 6,
        "columns": 15
    },
    "route": {
        "ready": "no",
        "type": "active",
        "priority": "clear",
        "route": [
            "UR5",
            "Storage",
            "UR5",
            "ICP",
            "UR5",
            "Trash"
        ],
        "step": 0,
        "datetimes": []
    },
    "creator": {
        "location": "BK",
        "position": "Deck 16-17 Waste 1",
        "ID": "ICP1",
        "protocol": 1091,
        "datetime": "2025-02-27 13:40:15.576671",
        "content": {
            "ICP1:A5": {
                "composition": {
                    "solvent": 0.9999998000002001,
                    "mixture1": 1.999998000101755e-07
                },
                "constitution": {
                    "Na": 3.9999960002035095e-06,
                    "Y": 9.999990000508774e-07
                },
                "volume": 1250,
                "timestamp": "20250227_134013",
                "parents": [
                    "plate1:A1",
                    "solvent"
                ],
                "parent_volumes": [
                    250,
                    1000
                ],
                "type": "analyte",
                "container": "ICP tube",
                "name": ""
            },
            "ICP1:A6": {
                "composition": {
                    "solvent": 0.9999998000002001,
                    "mixture2": 1.999998000101755e-07
                },
                "constitution": {
                    "K": 3.9999960002035095e-06,
                    "Y": 9.999990000508774e-07
                },
                "volume": 1250,
                "timestamp": "20250227_134013",
                "parents": [
                    "plate1:B1",
                    "solvent"
                ],
                "parent_volumes": [
                    250,
                    1000
                ],
                "type": "analyte",
                "container": "ICP tube",
                "name": ""
            }
        }
    }
}