index,timestamp,well,name,value
3411,02/27/2025 13:41:28,5,Input : Substrate,"Rack 3x4 six Kaufmann H-cells, Deck 12-13 Heat-Cool-Stir 1, 1, 1"
3425,02/27/2025 13:41:28,5,Input : Substrate,"Rack 3x4 six Kaufmann H-cells, Deck 12-13 Heat-Cool-Stir 1, 1, 1"
3510,02/27/2025 13:41:28,5,Input : Substrate,"Rack 3x4 six Kaufmann H-cells, Deck 12-13 Heat-Cool-Stir 1, 1, 1"
3557,02/27/2025 13:41:28,5,Input : Substrate,"Rack 3x4 six Kaufmann H-cells, Deck 12-13 Heat-Cool-Stir 1, 1, 1"
3705,02/27/2025 13:41:42,5,Input : Substrate,"Rack 3x4 six Kaufmann H-cells, Deck 12-13 Heat-Cool-Stir 1, 1, 1"
3752,02/27/2025 13:41:42,5,Input : Substrate,"Rack 3x4 six Kaufmann H-cells, Deck 12-13 Heat-Cool-Stir 1, 1, 1"
3782,02/27/2025 13:41:44,5,Input : Substrate,"Rack 3x4 six Kaufmann H-cells, Deck 12-13 Heat-Cool-Stir 1, 1, 1"
3829,02/27/2025 13:41:44,5,Input : Substrate,"Rack 3x4 six Kaufmann H-cells, Deck 12-13 Heat-Cool-Stir 1, 1, 1"
3933,02/27/2025 13:41:56,5,Input : Substrate,"Rack 3x4 six Kaufmann H-cells, Deck 12-13 Heat-Cool-Stir 1, 1, 1"
3980,02/27/2025 13:41:56,5,Input : Substrate,"Rack 3x4 six Kaufmann H-cells, Deck 12-13 Heat-Cool-Stir 1, 1, 1"
4014,02/27/2025 13:42:01,5,Input : Substrate,"Rack 3x4 six Kaufmann H-cells, Deck 12-13 Heat-Cool-Stir 1, 1, 1"
4061,02/27/2025 13:42:01,5,Input : Substrate,"Rack 3x4 six Kaufmann H-cells, Deck 12-13 Heat-Cool-Stir 1, 1, 1"
4322,02/27/2025 13:42:05,5,Input : Substrate,"Rack 6x15 ICP robotic, Deck 16-17 Waste 1, 1, 5"
4345,02/27/2025 13:42:05,5,Input : Substrate,"Rack 6x15 ICP robotic, Deck 16-17 Waste 1, 1, 5"
4368,02/27/2025 13:42:05,5,Input : Substrate,"Rack 6x15 ICP robotic, Deck 16-17 Waste 1, 1, 5"
4415,02/27/2025 13:42:05,5,Input : Substrate,"Rack 6x15 ICP robotic, Deck 16-17 Waste 1, 1, 5"
4466,02/27/2025 13:42:10,5,Input : Substrate,"Rack 6x15 ICP robotic, Deck 16-17 Waste 1, 1, 5"
4513,02/27/2025 13:42:10,5,Input : Substrate,"Rack 6x15 ICP robotic, Deck 16-17 Waste 1, 1, 5"
4547,02/27/2025 13:42:14,5,Output : Volume Dispensed,250
4585,02/27/2025 13:42:16,5,Output : Volume Dispensed,1000
4630,02/27/2025 13:42:20,5,Input : Substrate,"Rack 6x15 ICP robotic, Deck 16-17 Waste 1, 1, 5"
4677,02/27/2025 13:42:20,5,Input : Substrate,"Rack 6x15 ICP robotic, Deck 16-17 Waste 1, 1, 5"
5997,02/27/2025 13:43:06,1,Input : Substrate,"Rack 3x4 six Kaufmann H-cells, Deck 12-13 Heat-Cool-Stir 1, 1, 1"
6020,02/27/2025 13:43:06,1,Input : Substrate,"Rack 3x4 six Kaufmann H-cells, Deck 12-13 Heat-Cool-Stir 1, 1, 1"
6060,02/27/2025 13:43:07,1,Input : Substrate,"Rack 3x4 six Kaufmann H-cells, Deck 12-13 Heat-Cool-Stir 1, 1, 1"
6107,02/27/2025 13:43:07,1,Input : Substrate,"Rack 3x4 six Kaufmann H-cells, Deck 12-13 Heat-Cool-Stir 1, 1, 1"
6178,02/27/2025 13:43:18,1,Input : Substrate,"Rack 3x4 six Kaufmann H-cells, Deck 12-13 Heat-Cool-Stir 1, 1, 1"
6225,02/27/2025 13:43:18,1,Input : Substrate,"Rack 3x4 six Kaufmann H-cells, Deck 12-13 Heat-Cool-Stir 1, 1, 1"
6266,02/27/2025 13:43:22,1,Output : Volume Dispensed,250
6286,02/27/2025 13:43:25,1,Input : Substrate,"Rack 3x4 six Kaufmann H-cells, Deck 12-13 Heat-Cool-Stir 1, 1, 1"
6333,02/27/2025 13:43:26,1,Input : Substrate,"Rack 3x4 six Kaufmann H-cells, Deck 12-13 Heat-Cool-Stir 1, 1, 1"
7956,02/27/2025 13:44:10,6,Input : Substrate,"Rack 3x4 six Kaufmann H-cells, Deck 12-13 Heat-Cool-Stir 1, 2, 1"
7970,02/27/2025 13:44:10,6,Input : Substrate,"Rack 3x4 six Kaufmann H-cells, Deck 12-13 Heat-Cool-Stir 1, 2, 1"
8055,02/27/2025 13:44:11,6,Input : Substrate,"Rack 3x4 six Kaufmann H-cells, Deck 12-13 Heat-Cool-Stir 1, 2, 1"
8102,02/27/2025 13:44:11,6,Input : Substrate,"Rack 3x4 six Kaufmann H-cells, Deck 12-13 Heat-Cool-Stir 1, 2, 1"
8250,02/27/2025 13:44:25,6,Input : Substrate,"Rack 3x4 six Kaufmann H-cells, Deck 12-13 Heat-Cool-Stir 1, 2, 1"
8297,02/27/2025 13:44:25,6,Input : Substrate,"Rack 3x4 six Kaufmann H-cells, Deck 12-13 Heat-Cool-Stir 1, 2, 1"
8327,02/27/2025 13:44:27,6,Input : Substrate,"Rack 3x4 six Kaufmann H-cells, Deck 12-13 Heat-Cool-Stir 1, 2, 1"
8374,02/27/2025 13:44:27,6,Input : Substrate,"Rack 3x4 six Kaufmann H-cells, Deck 12-13 Heat-Cool-Stir 1, 2, 1"
8478,02/27/2025 13:44:39,6,Input : Substrate,"Rack 3x4 six Kaufmann H-cells, Deck 12-13 Heat-Cool-Stir 1, 2, 1"
8525,02/27/2025 13:44:39,6,Input : Substrate,"Rack 3x4 six Kaufmann H-cells, Deck 12-13 Heat-Cool-Stir 1, 2, 1"
8559,02/27/2025 13:44:44,6,Input : Substrate,"Rack 3x4 six Kaufmann H-cells, Deck 12-13 Heat-Cool-Stir 1, 2, 1"
8606,02/27/2025 13:44:44,6,Input : Substrate,"Rack 3x4 six Kaufmann H-cells, Deck 12-13 Heat-Cool-Stir 1, 2, 1"
8823,02/27/2025 13:44:46,6,Input : Substrate,"Rack 6x15 ICP robotic, Deck 16-17 Waste 1, 1, 6"
8846,02/27/2025 13:44:46,6,Input : Substrate,"Rack 6x15 ICP robotic, Deck 16-17 Waste 1, 1, 6"
8869,02/27/2025 13:44:46,6,Input : Substrate,"Rack 6x15 ICP robotic, Deck 16-17 Waste 1, 1, 6"
8916,02/27/2025 13:44:47,6,Input : Substrate,"Rack 6x15 ICP robotic, Deck 16-17 Waste 1, 1, 6"
8967,02/27/2025 13:44:51,6,Input : Substrate,"Rack 6x15 ICP robotic, Deck 16-17 Waste 1, 1, 6"
9014,02/27/2025 13:44:52,6,Input : Substrate,"Rack 6x15 ICP robotic, Deck 16-17 Waste 1, 1, 6"
9048,02/27/2025 13:44:55,6,Output : Volume Dispensed,250
9086,02/27/2025 13:44:58,6,Output : Volume Dispensed,1000
9131,02/27/2025 13:45:02,6,Input : Substrate,"Rack 6x15 ICP robotic, Deck 16-17 Waste 1, 1, 6"
9178,02/27/2025 13:45:02,6,Input : Substrate,"Rack 6x15 ICP robotic, Deck 16-17 Waste 1, 1, 6"
10470,02/27/2025 13:45:47,5,Input : Substrate,"Rack 3x4 six Kaufmann H-cells, Deck 12-13 Heat-Cool-Stir 1, 2, 1"
10493,02/27/2025 13:45:47,5,Input : Substrate,"Rack 3x4 six Kaufmann H-cells, Deck 12-13 Heat-Cool-Stir 1, 2, 1"
10533,02/27/2025 13:45:47,5,Input : Substrate,"Rack 3x4 six Kaufmann H-cells, Deck 12-13 Heat-Cool-Stir 1, 2, 1"
10580,02/27/2025 13:45:47,5,Input : Substrate,"Rack 3x4 six Kaufmann H-cells, Deck 12-13 Heat-Cool-Stir 1, 2, 1"
10651,02/27/2025 13:45:58,5,Input : Substrate,"Rack 3x4 six Kaufmann H-cells, Deck 12-13 Heat-Cool-Stir 1, 2, 1"
10698,02/27/2025 13:45:59,5,Input : Substrate,"Rack 3x4 six Kaufmann H-cells, Deck 12-13 Heat-Cool-Stir 1, 2, 1"
10739,02/27/2025 13:46:02,5,Output : Volume Dispensed,250
10759,02/27/2025 13:46:06,5,Input : Substrate,"Rack 3x4 six Kaufmann H-cells, Deck 12-13 Heat-Cool-Stir 1, 2, 1"
10806,02/27/2025 13:46:06,5,Input : Substrate,"Rack 3x4 six Kaufmann H-cells, Deck 12-13 Heat-Cool-Stir 1, 2, 1"
