index,timestamp,well,name,value
2656,03/07/2025 14:50:23,3,Input : Substrate,"Rack 2x4 20mL Vial, Deck 10-11 Position 2, 1, 1"
2670,03/07/2025 14:50:23,3,Input : Substrate,"Rack 2x4 20mL Vial, Deck 10-11 Position 2, 1, 1"
2731,03/07/2025 14:50:23,3,Input : Substrate,"Rack 2x4 20mL Vial, Deck 10-11 Position 2, 1, 1"
2778,03/07/2025 14:50:24,3,Input : Substrate,"Rack 2x4 20mL Vial, Deck 10-11 Position 2, 1, 1"
2879,03/07/2025 14:50:30,3,Input : Substrate,"Rack 2x4 20mL Vial, Deck 10-11 Position 2, 1, 1"
2926,03/07/2025 14:50:30,3,Input : Substrate,"Rack 2x4 20mL Vial, Deck 10-11 Position 2, 1, 1"
2956,03/07/2025 14:50:31,3,Input : Substrate,"Rack 2x4 20mL Vial, Deck 10-11 Position 2, 1, 1"
3003,03/07/2025 14:50:32,3,Input : Substrate,"Rack 2x4 20mL Vial, Deck 10-11 Position 2, 1, 1"
3107,03/07/2025 14:50:58,3,Input : Substrate,"Rack 2x4 20mL Vial, Deck 10-11 Position 2, 1, 1"
3154,03/07/2025 14:50:58,3,Input : Substrate,"Rack 2x4 20mL Vial, Deck 10-11 Position 2, 1, 1"
3188,03/07/2025 14:51:03,3,Input : Substrate,"Rack 2x4 20mL Vial, Deck 10-11 Position 2, 1, 1"
3235,03/07/2025 14:51:03,3,Input : Substrate,"Rack 2x4 20mL Vial, Deck 10-11 Position 2, 1, 1"
3471,03/07/2025 14:51:05,3,Input : Substrate,"Rack 3x4 six Kaufmann H-cells, Deck 12-13 Heat-Cool-Stir 1, 1, 3"
3494,03/07/2025 14:51:05,3,Input : Substrate,"Rack 3x4 six Kaufmann H-cells, Deck 12-13 Heat-Cool-Stir 1, 1, 3"
3517,03/07/2025 14:51:05,3,Input : Substrate,"Rack 3x4 six Kaufmann H-cells, Deck 12-13 Heat-Cool-Stir 1, 1, 3"
3564,03/07/2025 14:51:05,3,Input : Substrate,"Rack 3x4 six Kaufmann H-cells, Deck 12-13 Heat-Cool-Stir 1, 1, 3"
3607,03/07/2025 14:51:10,3,Input : Substrate,"Rack 3x4 six Kaufmann H-cells, Deck 12-13 Heat-Cool-Stir 1, 1, 3"
3654,03/07/2025 14:51:10,3,Input : Substrate,"Rack 3x4 six Kaufmann H-cells, Deck 12-13 Heat-Cool-Stir 1, 1, 3"
3688,03/07/2025 14:51:19,3,Output : Volume Dispensed,1000
3711,03/07/2025 14:51:22,3,Input : Substrate,"Rack 3x4 six Kaufmann H-cells, Deck 12-13 Heat-Cool-Stir 1, 1, 3"
3758,03/07/2025 14:51:22,3,Input : Substrate,"Rack 3x4 six Kaufmann H-cells, Deck 12-13 Heat-Cool-Stir 1, 1, 3"
5105,03/07/2025 14:52:06,7,Input : Substrate,"Rack 2x4 20mL Vial, Deck 10-11 Position 2, 1, 2"
5119,03/07/2025 14:52:06,7,Input : Substrate,"Rack 2x4 20mL Vial, Deck 10-11 Position 2, 1, 2"
5180,03/07/2025 14:52:06,7,Input : Substrate,"Rack 2x4 20mL Vial, Deck 10-11 Position 2, 1, 2"
5227,03/07/2025 14:52:06,7,Input : Substrate,"Rack 2x4 20mL Vial, Deck 10-11 Position 2, 1, 2"
5328,03/07/2025 14:52:12,7,Input : Substrate,"Rack 2x4 20mL Vial, Deck 10-11 Position 2, 1, 2"
5375,03/07/2025 14:52:12,7,Input : Substrate,"Rack 2x4 20mL Vial, Deck 10-11 Position 2, 1, 2"
5405,03/07/2025 14:52:14,7,Input : Substrate,"Rack 2x4 20mL Vial, Deck 10-11 Position 2, 1, 2"
5452,03/07/2025 14:52:14,7,Input : Substrate,"Rack 2x4 20mL Vial, Deck 10-11 Position 2, 1, 2"
5556,03/07/2025 14:52:40,7,Input : Substrate,"Rack 2x4 20mL Vial, Deck 10-11 Position 2, 1, 2"
5603,03/07/2025 14:52:41,7,Input : Substrate,"Rack 2x4 20mL Vial, Deck 10-11 Position 2, 1, 2"
5637,03/07/2025 14:52:45,7,Input : Substrate,"Rack 2x4 20mL Vial, Deck 10-11 Position 2, 1, 2"
5684,03/07/2025 14:52:46,7,Input : Substrate,"Rack 2x4 20mL Vial, Deck 10-11 Position 2, 1, 2"
5964,03/07/2025 14:52:49,7,Input : Substrate,"Rack 3x4 six Kaufmann H-cells, Deck 12-13 Heat-Cool-Stir 1, 2, 3"
5987,03/07/2025 14:52:49,7,Input : Substrate,"Rack 3x4 six Kaufmann H-cells, Deck 12-13 Heat-Cool-Stir 1, 2, 3"
6010,03/07/2025 14:52:49,7,Input : Substrate,"Rack 3x4 six Kaufmann H-cells, Deck 12-13 Heat-Cool-Stir 1, 2, 3"
6057,03/07/2025 14:52:49,7,Input : Substrate,"Rack 3x4 six Kaufmann H-cells, Deck 12-13 Heat-Cool-Stir 1, 2, 3"
6100,03/07/2025 14:52:54,7,Input : Substrate,"Rack 3x4 six Kaufmann H-cells, Deck 12-13 Heat-Cool-Stir 1, 2, 3"
6147,03/07/2025 14:52:54,7,Input : Substrate,"Rack 3x4 six Kaufmann H-cells, Deck 12-13 Heat-Cool-Stir 1, 2, 3"
6181,03/07/2025 14:53:03,7,Output : Volume Dispensed,1000
6204,03/07/2025 14:53:06,7,Input : Substrate,"Rack 3x4 six Kaufmann H-cells, Deck 12-13 Heat-Cool-Stir 1, 2, 3"
6251,03/07/2025 14:53:06,7,Input : Substrate,"Rack 3x4 six Kaufmann H-cells, Deck 12-13 Heat-Cool-Stir 1, 2, 3"
