index,timestamp,well,name,value
3385,03/05/2025 17:09:43,1,Input : Substrate,"Rack 3x4 six Kaufmann H-cells, Deck 12-13 Heat-Cool-Stir 1, 1, 1"
3399,03/05/2025 17:09:43,1,Input : Substrate,"Rack 3x4 six Kaufmann H-cells, Deck 12-13 Heat-Cool-Stir 1, 1, 1"
3484,03/05/2025 17:09:43,1,Input : Substrate,"Rack 3x4 six Kaufmann H-cells, Deck 12-13 Heat-Cool-Stir 1, 1, 1"
3531,03/05/2025 17:09:44,1,Input : Substrate,"Rack 3x4 six Kaufmann H-cells, Deck 12-13 Heat-Cool-Stir 1, 1, 1"
3679,03/05/2025 17:09:57,1,Input : Substrate,"Rack 3x4 six Kaufmann H-cells, Deck 12-13 Heat-Cool-Stir 1, 1, 1"
3726,03/05/2025 17:09:58,1,Input : Substrate,"Rack 3x4 six Kaufmann H-cells, Deck 12-13 Heat-Cool-Stir 1, 1, 1"
3756,03/05/2025 17:09:59,1,Input : Substrate,"Rack 3x4 six Kaufmann H-cells, Deck 12-13 Heat-Cool-Stir 1, 1, 1"
3803,03/05/2025 17:10:00,1,Input : Substrate,"Rack 3x4 six Kaufmann H-cells, Deck 12-13 Heat-Cool-Stir 1, 1, 1"
3907,03/05/2025 17:10:11,1,Input : Substrate,"Rack 3x4 six Kaufmann H-cells, Deck 12-13 Heat-Cool-Stir 1, 1, 1"
3954,03/05/2025 17:10:11,1,Input : Substrate,"Rack 3x4 six Kaufmann H-cells, Deck 12-13 Heat-Cool-Stir 1, 1, 1"
3988,03/05/2025 17:10:16,1,Input : Substrate,"Rack 3x4 six Kaufmann H-cells, Deck 12-13 Heat-Cool-Stir 1, 1, 1"
4035,03/05/2025 17:10:16,1,Input : Substrate,"Rack 3x4 six Kaufmann H-cells, Deck 12-13 Heat-Cool-Stir 1, 1, 1"
4280,03/05/2025 17:10:20,1,Input : Substrate,"Rack 6x15 ICP robotic, Deck 16-17 Waste 1, 1, 1"
4303,03/05/2025 17:10:20,1,Input : Substrate,"Rack 6x15 ICP robotic, Deck 16-17 Waste 1, 1, 1"
4326,03/05/2025 17:10:20,1,Input : Substrate,"Rack 6x15 ICP robotic, Deck 16-17 Waste 1, 1, 1"
4373,03/05/2025 17:10:20,1,Input : Substrate,"Rack 6x15 ICP robotic, Deck 16-17 Waste 1, 1, 1"
4424,03/05/2025 17:10:25,1,Input : Substrate,"Rack 6x15 ICP robotic, Deck 16-17 Waste 1, 1, 1"
4471,03/05/2025 17:10:25,1,Input : Substrate,"Rack 6x15 ICP robotic, Deck 16-17 Waste 1, 1, 1"
4505,03/05/2025 17:10:29,1,Output : Volume Dispensed,250
4543,03/05/2025 17:10:31,1,Output : Volume Dispensed,1000
4588,03/05/2025 17:10:35,1,Input : Substrate,"Rack 6x15 ICP robotic, Deck 16-17 Waste 1, 1, 1"
4635,03/05/2025 17:10:36,1,Input : Substrate,"Rack 6x15 ICP robotic, Deck 16-17 Waste 1, 1, 1"
5925,03/05/2025 17:11:20,1,Input : Substrate,"Rack 3x4 six Kaufmann H-cells, Deck 12-13 Heat-Cool-Stir 1, 1, 1"
5948,03/05/2025 17:11:20,1,Input : Substrate,"Rack 3x4 six Kaufmann H-cells, Deck 12-13 Heat-Cool-Stir 1, 1, 1"
5988,03/05/2025 17:11:21,1,Input : Substrate,"Rack 3x4 six Kaufmann H-cells, Deck 12-13 Heat-Cool-Stir 1, 1, 1"
6035,03/05/2025 17:11:21,1,Input : Substrate,"Rack 3x4 six Kaufmann H-cells, Deck 12-13 Heat-Cool-Stir 1, 1, 1"
6106,03/05/2025 17:11:32,1,Input : Substrate,"Rack 3x4 six Kaufmann H-cells, Deck 12-13 Heat-Cool-Stir 1, 1, 1"
6153,03/05/2025 17:11:32,1,Input : Substrate,"Rack 3x4 six Kaufmann H-cells, Deck 12-13 Heat-Cool-Stir 1, 1, 1"
6194,03/05/2025 17:11:36,1,Output : Volume Dispensed,250
6214,03/05/2025 17:11:40,1,Input : Substrate,"Rack 3x4 six Kaufmann H-cells, Deck 12-13 Heat-Cool-Stir 1, 1, 1"
6261,03/05/2025 17:11:40,1,Input : Substrate,"Rack 3x4 six Kaufmann H-cells, Deck 12-13 Heat-Cool-Stir 1, 1, 1"
7833,03/05/2025 17:12:26,2,Input : Substrate,"Rack 3x4 six Kaufmann H-cells, Deck 12-13 Heat-Cool-Stir 1, 2, 1"
7847,03/05/2025 17:12:26,2,Input : Substrate,"Rack 3x4 six Kaufmann H-cells, Deck 12-13 Heat-Cool-Stir 1, 2, 1"
7932,03/05/2025 17:12:26,2,Input : Substrate,"Rack 3x4 six Kaufmann H-cells, Deck 12-13 Heat-Cool-Stir 1, 2, 1"
7979,03/05/2025 17:12:27,2,Input : Substrate,"Rack 3x4 six Kaufmann H-cells, Deck 12-13 Heat-Cool-Stir 1, 2, 1"
8127,03/05/2025 17:12:41,2,Input : Substrate,"Rack 3x4 six Kaufmann H-cells, Deck 12-13 Heat-Cool-Stir 1, 2, 1"
8174,03/05/2025 17:12:41,2,Input : Substrate,"Rack 3x4 six Kaufmann H-cells, Deck 12-13 Heat-Cool-Stir 1, 2, 1"
8204,03/05/2025 17:12:42,2,Input : Substrate,"Rack 3x4 six Kaufmann H-cells, Deck 12-13 Heat-Cool-Stir 1, 2, 1"
8251,03/05/2025 17:12:43,2,Input : Substrate,"Rack 3x4 six Kaufmann H-cells, Deck 12-13 Heat-Cool-Stir 1, 2, 1"
8355,03/05/2025 17:12:54,2,Input : Substrate,"Rack 3x4 six Kaufmann H-cells, Deck 12-13 Heat-Cool-Stir 1, 2, 1"
8402,03/05/2025 17:12:54,2,Input : Substrate,"Rack 3x4 six Kaufmann H-cells, Deck 12-13 Heat-Cool-Stir 1, 2, 1"
8436,03/05/2025 17:12:59,2,Input : Substrate,"Rack 3x4 six Kaufmann H-cells, Deck 12-13 Heat-Cool-Stir 1, 2, 1"
8483,03/05/2025 17:13:00,2,Input : Substrate,"Rack 3x4 six Kaufmann H-cells, Deck 12-13 Heat-Cool-Stir 1, 2, 1"
8744,03/05/2025 17:13:03,2,Input : Substrate,"Rack 6x15 ICP robotic, Deck 16-17 Waste 1, 1, 2"
8767,03/05/2025 17:13:03,2,Input : Substrate,"Rack 6x15 ICP robotic, Deck 16-17 Waste 1, 1, 2"
8790,03/05/2025 17:13:03,2,Input : Substrate,"Rack 6x15 ICP robotic, Deck 16-17 Waste 1, 1, 2"
8837,03/05/2025 17:13:03,2,Input : Substrate,"Rack 6x15 ICP robotic, Deck 16-17 Waste 1, 1, 2"
8888,03/05/2025 17:13:08,2,Input : Substrate,"Rack 6x15 ICP robotic, Deck 16-17 Waste 1, 1, 2"
8935,03/05/2025 17:13:08,2,Input : Substrate,"Rack 6x15 ICP robotic, Deck 16-17 Waste 1, 1, 2"
8969,03/05/2025 17:13:12,2,Output : Volume Dispensed,250
9007,03/05/2025 17:13:15,2,Output : Volume Dispensed,1000
9052,03/05/2025 17:13:18,2,Input : Substrate,"Rack 6x15 ICP robotic, Deck 16-17 Waste 1, 1, 2"
9099,03/05/2025 17:13:19,2,Input : Substrate,"Rack 6x15 ICP robotic, Deck 16-17 Waste 1, 1, 2"
10392,03/05/2025 17:14:05,5,Input : Substrate,"Rack 3x4 six Kaufmann H-cells, Deck 12-13 Heat-Cool-Stir 1, 2, 1"
10415,03/05/2025 17:14:05,5,Input : Substrate,"Rack 3x4 six Kaufmann H-cells, Deck 12-13 Heat-Cool-Stir 1, 2, 1"
10455,03/05/2025 17:14:06,5,Input : Substrate,"Rack 3x4 six Kaufmann H-cells, Deck 12-13 Heat-Cool-Stir 1, 2, 1"
10502,03/05/2025 17:14:06,5,Input : Substrate,"Rack 3x4 six Kaufmann H-cells, Deck 12-13 Heat-Cool-Stir 1, 2, 1"
10573,03/05/2025 17:14:17,5,Input : Substrate,"Rack 3x4 six Kaufmann H-cells, Deck 12-13 Heat-Cool-Stir 1, 2, 1"
10620,03/05/2025 17:14:17,5,Input : Substrate,"Rack 3x4 six Kaufmann H-cells, Deck 12-13 Heat-Cool-Stir 1, 2, 1"
10661,03/05/2025 17:14:21,5,Output : Volume Dispensed,250
10681,03/05/2025 17:14:24,5,Input : Substrate,"Rack 3x4 six Kaufmann H-cells, Deck 12-13 Heat-Cool-Stir 1, 2, 1"
10728,03/05/2025 17:14:25,5,Input : Substrate,"Rack 3x4 six Kaufmann H-cells, Deck 12-13 Heat-Cool-Stir 1, 2, 1"
