index,timestamp,well,name,value
4328,03/07/2025 14:42:57,1,Input : Substrate,"Rack 3x4 six Kaufmann H-cells, Deck 12-13 Heat-Cool-Stir 1, 1, 1"
4342,03/07/2025 14:42:57,1,Input : Substrate,"Rack 3x4 six Kaufmann H-cells, Deck 12-13 Heat-Cool-Stir 1, 1, 1"
4427,03/07/2025 14:42:57,1,Input : Substrate,"Rack 3x4 six Kaufmann H-cells, Deck 12-13 Heat-Cool-Stir 1, 1, 1"
4474,03/07/2025 14:42:58,1,Input : Substrate,"Rack 3x4 six Kaufmann H-cells, Deck 12-13 Heat-Cool-Stir 1, 1, 1"
4622,03/07/2025 14:43:11,1,Input : Substrate,"Rack 3x4 six Kaufmann H-cells, Deck 12-13 Heat-Cool-Stir 1, 1, 1"
4669,03/07/2025 14:43:12,1,Input : Substrate,"Rack 3x4 six Kaufmann H-cells, Deck 12-13 Heat-Cool-Stir 1, 1, 1"
4699,03/07/2025 14:43:13,1,Input : Substrate,"Rack 3x4 six Kaufmann H-cells, Deck 12-13 Heat-Cool-Stir 1, 1, 1"
4746,03/07/2025 14:43:13,1,Input : Substrate,"Rack 3x4 six Kaufmann H-cells, Deck 12-13 Heat-Cool-Stir 1, 1, 1"
4850,03/07/2025 14:43:25,1,Input : Substrate,"Rack 3x4 six Kaufmann H-cells, Deck 12-13 Heat-Cool-Stir 1, 1, 1"
4897,03/07/2025 14:43:25,1,Input : Substrate,"Rack 3x4 six Kaufmann H-cells, Deck 12-13 Heat-Cool-Stir 1, 1, 1"
4931,03/07/2025 14:43:30,1,Input : Substrate,"Rack 3x4 six Kaufmann H-cells, Deck 12-13 Heat-Cool-Stir 1, 1, 1"
4978,03/07/2025 14:43:30,1,Input : Substrate,"Rack 3x4 six Kaufmann H-cells, Deck 12-13 Heat-Cool-Stir 1, 1, 1"
5195,03/07/2025 14:43:33,1,Input : Substrate,"Rack 6x15 ICP robotic, Deck 16-17 Waste 1, 1, 1"
5218,03/07/2025 14:43:33,1,Input : Substrate,"Rack 6x15 ICP robotic, Deck 16-17 Waste 1, 1, 1"
5241,03/07/2025 14:43:33,1,Input : Substrate,"Rack 6x15 ICP robotic, Deck 16-17 Waste 1, 1, 1"
5288,03/07/2025 14:43:33,1,Input : Substrate,"Rack 6x15 ICP robotic, Deck 16-17 Waste 1, 1, 1"
5339,03/07/2025 14:43:38,1,Input : Substrate,"Rack 6x15 ICP robotic, Deck 16-17 Waste 1, 1, 1"
5386,03/07/2025 14:43:38,1,Input : Substrate,"Rack 6x15 ICP robotic, Deck 16-17 Waste 1, 1, 1"
5420,03/07/2025 14:43:42,1,Output : Volume Dispensed,250
5458,03/07/2025 14:43:44,1,Output : Volume Dispensed,1000
5503,03/07/2025 14:43:48,1,Input : Substrate,"Rack 6x15 ICP robotic, Deck 16-17 Waste 1, 1, 1"
5550,03/07/2025 14:43:48,1,Input : Substrate,"Rack 6x15 ICP robotic, Deck 16-17 Waste 1, 1, 1"
6796,03/07/2025 14:44:32,1,Input : Substrate,"Rack 3x4 six Kaufmann H-cells, Deck 12-13 Heat-Cool-Stir 1, 1, 1"
6819,03/07/2025 14:44:32,1,Input : Substrate,"Rack 3x4 six Kaufmann H-cells, Deck 12-13 Heat-Cool-Stir 1, 1, 1"
6859,03/07/2025 14:44:32,1,Input : Substrate,"Rack 3x4 six Kaufmann H-cells, Deck 12-13 Heat-Cool-Stir 1, 1, 1"
6906,03/07/2025 14:44:32,1,Input : Substrate,"Rack 3x4 six Kaufmann H-cells, Deck 12-13 Heat-Cool-Stir 1, 1, 1"
6977,03/07/2025 14:44:44,1,Input : Substrate,"Rack 3x4 six Kaufmann H-cells, Deck 12-13 Heat-Cool-Stir 1, 1, 1"
7024,03/07/2025 14:44:44,1,Input : Substrate,"Rack 3x4 six Kaufmann H-cells, Deck 12-13 Heat-Cool-Stir 1, 1, 1"
7065,03/07/2025 14:44:47,1,Output : Volume Dispensed,250
7085,03/07/2025 14:44:51,1,Input : Substrate,"Rack 3x4 six Kaufmann H-cells, Deck 12-13 Heat-Cool-Stir 1, 1, 1"
7132,03/07/2025 14:44:51,1,Input : Substrate,"Rack 3x4 six Kaufmann H-cells, Deck 12-13 Heat-Cool-Stir 1, 1, 1"
8660,03/07/2025 14:45:36,2,Input : Substrate,"Rack 3x4 six Kaufmann H-cells, Deck 12-13 Heat-Cool-Stir 1, 2, 1"
8674,03/07/2025 14:45:36,2,Input : Substrate,"Rack 3x4 six Kaufmann H-cells, Deck 12-13 Heat-Cool-Stir 1, 2, 1"
8759,03/07/2025 14:45:37,2,Input : Substrate,"Rack 3x4 six Kaufmann H-cells, Deck 12-13 Heat-Cool-Stir 1, 2, 1"
8806,03/07/2025 14:45:37,2,Input : Substrate,"Rack 3x4 six Kaufmann H-cells, Deck 12-13 Heat-Cool-Stir 1, 2, 1"
8954,03/07/2025 14:45:51,2,Input : Substrate,"Rack 3x4 six Kaufmann H-cells, Deck 12-13 Heat-Cool-Stir 1, 2, 1"
9001,03/07/2025 14:45:51,2,Input : Substrate,"Rack 3x4 six Kaufmann H-cells, Deck 12-13 Heat-Cool-Stir 1, 2, 1"
9031,03/07/2025 14:45:52,2,Input : Substrate,"Rack 3x4 six Kaufmann H-cells, Deck 12-13 Heat-Cool-Stir 1, 2, 1"
9078,03/07/2025 14:45:53,2,Input : Substrate,"Rack 3x4 six Kaufmann H-cells, Deck 12-13 Heat-Cool-Stir 1, 2, 1"
9182,03/07/2025 14:46:04,2,Input : Substrate,"Rack 3x4 six Kaufmann H-cells, Deck 12-13 Heat-Cool-Stir 1, 2, 1"
9229,03/07/2025 14:46:05,2,Input : Substrate,"Rack 3x4 six Kaufmann H-cells, Deck 12-13 Heat-Cool-Stir 1, 2, 1"
9263,03/07/2025 14:46:09,2,Input : Substrate,"Rack 3x4 six Kaufmann H-cells, Deck 12-13 Heat-Cool-Stir 1, 2, 1"
9310,03/07/2025 14:46:10,2,Input : Substrate,"Rack 3x4 six Kaufmann H-cells, Deck 12-13 Heat-Cool-Stir 1, 2, 1"
9571,03/07/2025 14:46:13,2,Input : Substrate,"Rack 6x15 ICP robotic, Deck 16-17 Waste 1, 1, 2"
9594,03/07/2025 14:46:13,2,Input : Substrate,"Rack 6x15 ICP robotic, Deck 16-17 Waste 1, 1, 2"
9617,03/07/2025 14:46:13,2,Input : Substrate,"Rack 6x15 ICP robotic, Deck 16-17 Waste 1, 1, 2"
9664,03/07/2025 14:46:13,2,Input : Substrate,"Rack 6x15 ICP robotic, Deck 16-17 Waste 1, 1, 2"
9715,03/07/2025 14:46:18,2,Input : Substrate,"Rack 6x15 ICP robotic, Deck 16-17 Waste 1, 1, 2"
9762,03/07/2025 14:46:19,2,Input : Substrate,"Rack 6x15 ICP robotic, Deck 16-17 Waste 1, 1, 2"
9796,03/07/2025 14:46:22,2,Output : Volume Dispensed,250
9834,03/07/2025 14:46:25,2,Output : Volume Dispensed,1000
9879,03/07/2025 14:46:29,2,Input : Substrate,"Rack 6x15 ICP robotic, Deck 16-17 Waste 1, 1, 2"
9926,03/07/2025 14:46:29,2,Input : Substrate,"Rack 6x15 ICP robotic, Deck 16-17 Waste 1, 1, 2"
11147,03/07/2025 14:47:12,5,Input : Substrate,"Rack 3x4 six Kaufmann H-cells, Deck 12-13 Heat-Cool-Stir 1, 2, 1"
11170,03/07/2025 14:47:12,5,Input : Substrate,"Rack 3x4 six Kaufmann H-cells, Deck 12-13 Heat-Cool-Stir 1, 2, 1"
11210,03/07/2025 14:47:13,5,Input : Substrate,"Rack 3x4 six Kaufmann H-cells, Deck 12-13 Heat-Cool-Stir 1, 2, 1"
11257,03/07/2025 14:47:13,5,Input : Substrate,"Rack 3x4 six Kaufmann H-cells, Deck 12-13 Heat-Cool-Stir 1, 2, 1"
11328,03/07/2025 14:47:24,5,Input : Substrate,"Rack 3x4 six Kaufmann H-cells, Deck 12-13 Heat-Cool-Stir 1, 2, 1"
11375,03/07/2025 14:47:24,5,Input : Substrate,"Rack 3x4 six Kaufmann H-cells, Deck 12-13 Heat-Cool-Stir 1, 2, 1"
11416,03/07/2025 14:47:28,5,Output : Volume Dispensed,250
11436,03/07/2025 14:47:31,5,Input : Substrate,"Rack 3x4 six Kaufmann H-cells, Deck 12-13 Heat-Cool-Stir 1, 2, 1"
11483,03/07/2025 14:47:32,5,Input : Substrate,"Rack 3x4 six Kaufmann H-cells, Deck 12-13 Heat-Cool-Stir 1, 2, 1"
