{
    "code": "1RPE0",
    "rack": {
        "name": "Rack 6x15 ICP robotic",
        "type": "ICP90",
        "instrument": "BK",
        "position": "Deck 16-17 Waste 1",
        "label": "",
        "code": null,
        "holder": null,
        "items": 90,
        "layout": "rectangular",
        "rows": 6,
        "columns": 15
    },
    "route": {
        "ready": "no",
        "type": "active",
        "priority": "clear",
        "route": [
            "UR5",
            "Storage",
            "UR5",
            "ICP",
            "UR5",
            "Trash"
        ],
        "step": 0,
        "datetimes": []
    },
    "creator": {
        "location": "BK",
        "position": "Deck 16-17 Waste 1",
        "ID": "ICP1",
        "protocol": 1086,
        "datetime": "2025-02-27 08:02:15.962989",
        "content": {
            "ICP1:B1": {
                "composition": {
                    "solvent": 0.9999998888889999,
                    "mixture1": 1.1111100000565304e-07
                },
                "constitution": {
                    "Na": 2.222220000113061e-06,
                    "Y": 5.555550000282652e-07
                },
                "volume": 2250,
                "timestamp": "20250227_080213",
                "parents": [
                    "plate1:A1",
                    "solvent"
                ],
                "parent_volumes": [
                    250,
                    2000
                ],
                "type": "analyte",
                "container": "ICP tube",
                "name": ""
            },
            "ICP1:B2": {
                "composition": {
                    "solvent": 0.9999998888889999,
                    "mixture2": 1.1111100000565304e-07
                },
                "constitution": {
                    "K": 2.222220000113061e-06,
                    "Y": 5.555550000282652e-07
                },
                "volume": 2250,
                "timestamp": "20250227_080213",
                "parents": [
                    "plate1:B1",
                    "solvent"
                ],
                "parent_volumes": [
                    250,
                    2000
                ],
                "type": "analyte",
                "container": "ICP tube",
                "name": ""
            },
            "ICP1:B3": {
                "composition": {
                    "solvent": 0.9999998891667772,
                    "mixture1": 1.1083322278341612e-07
                },
                "constitution": {
                    "Na": 2.2166644556683223e-06,
                    "Y": 5.541661139170806e-07
                },
                "volume": 2250,
                "timestamp": "20250227_080213",
                "parents": [
                    "plate1:A1",
                    "solvent"
                ],
                "parent_volumes": [
                    250,
                    2000
                ],
                "type": "analyte",
                "container": "ICP tube",
                "name": ""
            },
            "ICP1:B4": {
                "composition": {
                    "solvent": 0.9999998891667772,
                    "mixture2": 1.1083322278341612e-07
                },
                "constitution": {
                    "K": 2.2166644556683223e-06,
                    "Y": 5.541661139170806e-07
                },
                "volume": 2250,
                "timestamp": "20250227_080213",
                "parents": [
                    "plate1:B1",
                    "solvent"
                ],
                "parent_volumes": [
                    250,
                    2000
                ],
                "type": "analyte",
                "container": "ICP tube",
                "name": ""
            },
            "ICP1:B5": {
                "composition": {
                    "solvent": 0.99999988944386,
                    "mixture1": 1.1055614000354037e-07
                },
                "constitution": {
                    "Na": 2.211122800070807e-06,
                    "Y": 5.527807000177017e-07
                },
                "volume": 2250,
                "timestamp": "20250227_080213",
                "parents": [
                    "plate1:A1",
                    "solvent"
                ],
                "parent_volumes": [
                    250,
                    2000
                ],
                "type": "analyte",
                "container": "ICP tube",
                "name": ""
            },
            "ICP1:B6": {
                "composition": {
                    "solvent": 0.99999988944386,
                    "mixture2": 1.1055614000354037e-07
                },
                "constitution": {
                    "K": 2.211122800070807e-06,
                    "Y": 5.527807000177017e-07
                },
                "volume": 2250,
                "timestamp": "20250227_080213",
                "parents": [
                    "plate1:B1",
                    "solvent"
                ],
                "parent_volumes": [
                    250,
                    2000
                ],
                "type": "analyte",
                "container": "ICP tube",
                "name": ""
            }
        }
    }
}