{
    "solvent": {
        "composition": {
            "solvent": 1.0
        },
        "constitution": {},
        "volume": 0,
        "timestamp": "",
        "parents": [],
        "parent_volumes": [],
        "type": "solvent",
        "container": "",
        "name": "solvent"
    },
    "source1:A1": {
        "composition": {
            "mixture1": 1.0
        },
        "constitution": {
            "Na": 20.0,
            "Y": 5
        },
        "volume": 0,
        "timestamp": "",
        "parents": [],
        "parent_volumes": [],
        "type": "source",
        "container": "",
        "name": "mixture1"
    },
    "source1:A2": {
        "composition": {
            "mixture2": 1.0
        },
        "constitution": {
            "K": 20.0,
            "Y": 5
        },
        "volume": 0,
        "timestamp": "",
        "parents": [],
        "parent_volumes": [],
        "type": "source",
        "container": "",
        "name": "mixture2"
    },
    "source1:A3": {
        "composition": {
            "mixture3": 1.0
        },
        "constitution": {
            "Mg": 20.0,
            "Y": 5
        },
        "volume": 0,
        "timestamp": "",
        "parents": [],
        "parent_volumes": [],
        "type": "source",
        "container": "",
        "name": "mixture3"
    },
    "source1:A4": {
        "composition": {
            "mixture4": 1.0
        },
        "constitution": {
            "Ca": 20.0,
            "Y": 5
        },
        "volume": 0,
        "timestamp": "",
        "parents": [],
        "parent_volumes": [],
        "type": "source",
        "container": "",
        "name": "mixture4"
    },
    "source1:B1": {
        "composition": {
            "mixture5": 1.0
        },
        "constitution": {
            "Mn": 20.0,
            "Y": 5
        },
        "volume": 0,
        "timestamp": "",
        "parents": [],
        "parent_volumes": [],
        "type": "source",
        "container": "",
        "name": "mixture5"
    },
    "source1:B2": {
        "composition": {
            "mixture6": 1.0
        },
        "constitution": {
            "Y": 20
        },
        "volume": 0,
        "timestamp": "",
        "parents": [],
        "parent_volumes": [],
        "type": "source",
        "container": "",
        "name": "mixture6"
    },
    "plate1:A1": {
        "composition": {
            "solvent": 0.9999990074822506,
            "mixture1": 9.925177493692942e-07
        },
        "constitution": {
            "Na": 1.9850354987385883e-05,
            "Y": 4.962588746846471e-06
        },
        "volume": 100000.1,
        "timestamp": "20250227_080213",
        "parents": [
            "solvent",
            "source1:A1",
            "solvent",
            "solvent",
            "solvent"
        ],
        "parent_volumes": [
            99251.87418375394,
            0.09925187418375393,
            248.75156374687373,
            249.37500062499936,
            250
        ],
        "type": "sample",
        "container": "glass vial",
        "name": ""
    },
    "plate1:A2": {
        "composition": {
            "solvent": 1.0
        },
        "constitution": {},
        "volume": 100000.0,
        "timestamp": "20250227_080213",
        "parents": [
            "solvent"
        ],
        "parent_volumes": [
            100000.0
        ],
        "type": "sample",
        "container": "glass vial",
        "name": ""
    },
    "plate1:A3": {
        "composition": {
            "solvent": 1.0
        },
        "constitution": {},
        "volume": 100000.0,
        "timestamp": "20250227_080213",
        "parents": [
            "solvent"
        ],
        "parent_volumes": [
            100000.0
        ],
        "type": "sample",
        "container": "glass vial",
        "name": ""
    },
    "plate1:A4": {
        "composition": {
            "solvent": 1.0
        },
        "constitution": {},
        "volume": 100000.0,
        "timestamp": "20250227_080213",
        "parents": [
            "solvent"
        ],
        "parent_volumes": [
            100000.0
        ],
        "type": "sample",
        "container": "glass vial",
        "name": ""
    },
    "plate1:B1": {
        "composition": {
            "solvent": 0.9999990074822506,
            "mixture2": 9.925177493692942e-07
        },
        "constitution": {
            "K": 1.9850354987385883e-05,
            "Y": 4.962588746846471e-06
        },
        "volume": 100000.1,
        "timestamp": "20250227_080213",
        "parents": [
            "solvent",
            "source1:A2",
            "solvent",
            "solvent",
            "solvent"
        ],
        "parent_volumes": [
            99251.87418375394,
            0.09925187418375393,
            248.75156374687373,
            249.37500062499936,
            250
        ],
        "type": "sample",
        "container": "glass vial",
        "name": ""
    },
    "plate1:B2": {
        "composition": {
            "solvent": 1.0
        },
        "constitution": {},
        "volume": 100000.0,
        "timestamp": "20250227_080213",
        "parents": [
            "solvent"
        ],
        "parent_volumes": [
            100000.0
        ],
        "type": "sample",
        "container": "glass vial",
        "name": ""
    },
    "plate1:B3": {
        "composition": {
            "solvent": 1.0
        },
        "constitution": {},
        "volume": 100000.0,
        "timestamp": "20250227_080213",
        "parents": [
            "solvent"
        ],
        "parent_volumes": [
            100000.0
        ],
        "type": "sample",
        "container": "glass vial",
        "name": ""
    },
    "plate1:B4": {
        "composition": {
            "solvent": 1.0
        },
        "constitution": {},
        "volume": 100000.0,
        "timestamp": "20250227_080213",
        "parents": [
            "solvent"
        ],
        "parent_volumes": [
            100000.0
        ],
        "type": "sample",
        "container": "glass vial",
        "name": ""
    },
    "plate1:C1": {
        "composition": {
            "solvent": 1.0
        },
        "constitution": {},
        "volume": 100000.0,
        "timestamp": "20250227_080213",
        "parents": [
            "solvent"
        ],
        "parent_volumes": [
            100000.0
        ],
        "type": "sample",
        "container": "glass vial",
        "name": ""
    },
    "plate1:C2": {
        "composition": {
            "solvent": 1.0
        },
        "constitution": {},
        "volume": 100000.0,
        "timestamp": "20250227_080213",
        "parents": [
            "solvent"
        ],
        "parent_volumes": [
            100000.0
        ],
        "type": "sample",
        "container": "glass vial",
        "name": ""
    },
    "plate1:C3": {
        "composition": {
            "solvent": 1.0
        },
        "constitution": {},
        "volume": 100000.0,
        "timestamp": "20250227_080213",
        "parents": [
            "solvent"
        ],
        "parent_volumes": [
            100000.0
        ],
        "type": "sample",
        "container": "glass vial",
        "name": ""
    },
    "plate1:C4": {
        "composition": {
            "solvent": 1.0
        },
        "constitution": {},
        "volume": 100000.0,
        "timestamp": "20250227_080213",
        "parents": [
            "solvent"
        ],
        "parent_volumes": [
            100000.0
        ],
        "type": "sample",
        "container": "glass vial",
        "name": ""
    },
    "ICP1:B1": {
        "composition": {
            "solvent": 0.9999998888889999,
            "mixture1": 1.1111100000565304e-07
        },
        "constitution": {
            "Na": 2.222220000113061e-06,
            "Y": 5.555550000282652e-07
        },
        "volume": 2250,
        "timestamp": "20250227_080213",
        "parents": [
            "plate1:A1",
            "solvent"
        ],
        "parent_volumes": [
            250,
            2000
        ],
        "type": "sample",
        "container": "ICP tube",
        "name": ""
    },
    "ICP1:B2": {
        "composition": {
            "solvent": 0.9999998888889999,
            "mixture2": 1.1111100000565304e-07
        },
        "constitution": {
            "K": 2.222220000113061e-06,
            "Y": 5.555550000282652e-07
        },
        "volume": 2250,
        "timestamp": "20250227_080213",
        "parents": [
            "plate1:B1",
            "solvent"
        ],
        "parent_volumes": [
            250,
            2000
        ],
        "type": "sample",
        "container": "ICP tube",
        "name": ""
    },
    "ICP1:B3": {
        "composition": {
            "solvent": 0.9999998891667772,
            "mixture1": 1.1083322278341612e-07
        },
        "constitution": {
            "Na": 2.2166644556683223e-06,
            "Y": 5.541661139170806e-07
        },
        "volume": 2250,
        "timestamp": "20250227_080213",
        "parents": [
            "plate1:A1",
            "solvent"
        ],
        "parent_volumes": [
            250,
            2000
        ],
        "type": "sample",
        "container": "ICP tube",
        "name": ""
    },
    "ICP1:B4": {
        "composition": {
            "solvent": 0.9999998891667772,
            "mixture2": 1.1083322278341612e-07
        },
        "constitution": {
            "K": 2.2166644556683223e-06,
            "Y": 5.541661139170806e-07
        },
        "volume": 2250,
        "timestamp": "20250227_080213",
        "parents": [
            "plate1:B1",
            "solvent"
        ],
        "parent_volumes": [
            250,
            2000
        ],
        "type": "sample",
        "container": "ICP tube",
        "name": ""
    },
    "ICP1:B5": {
        "composition": {
            "solvent": 0.99999988944386,
            "mixture1": 1.1055614000354037e-07
        },
        "constitution": {
            "Na": 2.211122800070807e-06,
            "Y": 5.527807000177017e-07
        },
        "volume": 2250,
        "timestamp": "20250227_080213",
        "parents": [
            "plate1:A1",
            "solvent"
        ],
        "parent_volumes": [
            250,
            2000
        ],
        "type": "sample",
        "container": "ICP tube",
        "name": ""
    },
    "ICP1:B6": {
        "composition": {
            "solvent": 0.99999988944386,
            "mixture2": 1.1055614000354037e-07
        },
        "constitution": {
            "K": 2.211122800070807e-06,
            "Y": 5.527807000177017e-07
        },
        "volume": 2250,
        "timestamp": "20250227_080213",
        "parents": [
            "plate1:B1",
            "solvent"
        ],
        "parent_volumes": [
            250,
            2000
        ],
        "type": "sample",
        "container": "ICP tube",
        "name": ""
    }
}