index,timestamp,well,name,value
5238,02/27/2025 09:16:43,1,Input : Substrate,"Rack 3x4 six Kaufmann H-cells, Deck 12-13 Heat-Cool-Stir 1, 1, 1"
5252,02/27/2025 09:16:43,1,Input : Substrate,"Rack 3x4 six Kaufmann H-cells, Deck 12-13 Heat-Cool-Stir 1, 1, 1"
5337,02/27/2025 09:16:44,1,Input : Substrate,"Rack 3x4 six Kaufmann H-cells, Deck 12-13 Heat-Cool-Stir 1, 1, 1"
5384,02/27/2025 09:16:44,1,Input : Substrate,"Rack 3x4 six Kaufmann H-cells, Deck 12-13 Heat-Cool-Stir 1, 1, 1"
5532,02/27/2025 09:17:08,1,Input : Substrate,"Rack 3x4 six Kaufmann H-cells, Deck 12-13 Heat-Cool-Stir 1, 1, 1"
5579,02/27/2025 09:17:08,1,Input : Substrate,"Rack 3x4 six Kaufmann H-cells, Deck 12-13 Heat-Cool-Stir 1, 1, 1"
5609,02/27/2025 09:17:10,1,Input : Substrate,"Rack 3x4 six Kaufmann H-cells, Deck 12-13 Heat-Cool-Stir 1, 1, 1"
5656,02/27/2025 09:17:10,1,Input : Substrate,"Rack 3x4 six Kaufmann H-cells, Deck 12-13 Heat-Cool-Stir 1, 1, 1"
5760,02/27/2025 09:17:21,1,Input : Substrate,"Rack 3x4 six Kaufmann H-cells, Deck 12-13 Heat-Cool-Stir 1, 1, 1"
5807,02/27/2025 09:17:22,1,Input : Substrate,"Rack 3x4 six Kaufmann H-cells, Deck 12-13 Heat-Cool-Stir 1, 1, 1"
5841,02/27/2025 09:17:27,1,Input : Substrate,"Rack 3x4 six Kaufmann H-cells, Deck 12-13 Heat-Cool-Stir 1, 1, 1"
5888,02/27/2025 09:17:27,1,Input : Substrate,"Rack 3x4 six Kaufmann H-cells, Deck 12-13 Heat-Cool-Stir 1, 1, 1"
6105,02/27/2025 09:17:29,1,Input : Substrate,"Rack 6x15 ICP robotic, Deck 16-17 Waste 1, 1, 1"
6128,02/27/2025 09:17:29,1,Input : Substrate,"Rack 6x15 ICP robotic, Deck 16-17 Waste 1, 1, 1"
6151,02/27/2025 09:17:29,1,Input : Substrate,"Rack 6x15 ICP robotic, Deck 16-17 Waste 1, 1, 1"
6198,02/27/2025 09:17:29,1,Input : Substrate,"Rack 6x15 ICP robotic, Deck 16-17 Waste 1, 1, 1"
6249,02/27/2025 09:17:34,1,Input : Substrate,"Rack 6x15 ICP robotic, Deck 16-17 Waste 1, 1, 1"
6296,02/27/2025 09:17:34,1,Input : Substrate,"Rack 6x15 ICP robotic, Deck 16-17 Waste 1, 1, 1"
6330,02/27/2025 09:17:38,1,Output : Volume Dispensed,250
6368,02/27/2025 09:17:42,1,Output : Volume Dispensed,2500
6413,02/27/2025 09:17:46,1,Input : Substrate,"Rack 6x15 ICP robotic, Deck 16-17 Waste 1, 1, 1"
6460,02/27/2025 09:17:47,1,Input : Substrate,"Rack 6x15 ICP robotic, Deck 16-17 Waste 1, 1, 1"
7708,02/27/2025 09:18:30,1,Input : Substrate,"Rack 3x4 six Kaufmann H-cells, Deck 12-13 Heat-Cool-Stir 1, 1, 1"
7731,02/27/2025 09:18:30,1,Input : Substrate,"Rack 3x4 six Kaufmann H-cells, Deck 12-13 Heat-Cool-Stir 1, 1, 1"
7771,02/27/2025 09:18:30,1,Input : Substrate,"Rack 3x4 six Kaufmann H-cells, Deck 12-13 Heat-Cool-Stir 1, 1, 1"
7818,02/27/2025 09:18:31,1,Input : Substrate,"Rack 3x4 six Kaufmann H-cells, Deck 12-13 Heat-Cool-Stir 1, 1, 1"
7889,02/27/2025 09:18:42,1,Input : Substrate,"Rack 3x4 six Kaufmann H-cells, Deck 12-13 Heat-Cool-Stir 1, 1, 1"
7936,02/27/2025 09:18:42,1,Input : Substrate,"Rack 3x4 six Kaufmann H-cells, Deck 12-13 Heat-Cool-Stir 1, 1, 1"
7977,02/27/2025 09:18:46,1,Output : Volume Dispensed,250
7997,02/27/2025 09:18:49,1,Input : Substrate,"Rack 3x4 six Kaufmann H-cells, Deck 12-13 Heat-Cool-Stir 1, 1, 1"
8044,02/27/2025 09:18:49,1,Input : Substrate,"Rack 3x4 six Kaufmann H-cells, Deck 12-13 Heat-Cool-Stir 1, 1, 1"
9683,02/27/2025 09:19:39,2,Input : Substrate,"Rack 3x4 six Kaufmann H-cells, Deck 12-13 Heat-Cool-Stir 1, 2, 1"
9697,02/27/2025 09:19:39,2,Input : Substrate,"Rack 3x4 six Kaufmann H-cells, Deck 12-13 Heat-Cool-Stir 1, 2, 1"
9782,02/27/2025 09:19:40,2,Input : Substrate,"Rack 3x4 six Kaufmann H-cells, Deck 12-13 Heat-Cool-Stir 1, 2, 1"
9829,02/27/2025 09:19:40,2,Input : Substrate,"Rack 3x4 six Kaufmann H-cells, Deck 12-13 Heat-Cool-Stir 1, 2, 1"
9977,02/27/2025 09:20:04,2,Input : Substrate,"Rack 3x4 six Kaufmann H-cells, Deck 12-13 Heat-Cool-Stir 1, 2, 1"
10024,02/27/2025 09:20:04,2,Input : Substrate,"Rack 3x4 six Kaufmann H-cells, Deck 12-13 Heat-Cool-Stir 1, 2, 1"
10054,02/27/2025 09:20:06,2,Input : Substrate,"Rack 3x4 six Kaufmann H-cells, Deck 12-13 Heat-Cool-Stir 1, 2, 1"
10101,02/27/2025 09:20:06,2,Input : Substrate,"Rack 3x4 six Kaufmann H-cells, Deck 12-13 Heat-Cool-Stir 1, 2, 1"
10205,02/27/2025 09:20:17,2,Input : Substrate,"Rack 3x4 six Kaufmann H-cells, Deck 12-13 Heat-Cool-Stir 1, 2, 1"
10252,02/27/2025 09:20:18,2,Input : Substrate,"Rack 3x4 six Kaufmann H-cells, Deck 12-13 Heat-Cool-Stir 1, 2, 1"
10286,02/27/2025 09:20:22,2,Input : Substrate,"Rack 3x4 six Kaufmann H-cells, Deck 12-13 Heat-Cool-Stir 1, 2, 1"
10333,02/27/2025 09:20:23,2,Input : Substrate,"Rack 3x4 six Kaufmann H-cells, Deck 12-13 Heat-Cool-Stir 1, 2, 1"
10550,02/27/2025 09:20:25,2,Input : Substrate,"Rack 6x15 ICP robotic, Deck 16-17 Waste 1, 1, 2"
10573,02/27/2025 09:20:25,2,Input : Substrate,"Rack 6x15 ICP robotic, Deck 16-17 Waste 1, 1, 2"
10596,02/27/2025 09:20:25,2,Input : Substrate,"Rack 6x15 ICP robotic, Deck 16-17 Waste 1, 1, 2"
10643,02/27/2025 09:20:25,2,Input : Substrate,"Rack 6x15 ICP robotic, Deck 16-17 Waste 1, 1, 2"
10694,02/27/2025 09:20:30,2,Input : Substrate,"Rack 6x15 ICP robotic, Deck 16-17 Waste 1, 1, 2"
10741,02/27/2025 09:20:30,2,Input : Substrate,"Rack 6x15 ICP robotic, Deck 16-17 Waste 1, 1, 2"
10775,02/27/2025 09:20:34,2,Output : Volume Dispensed,250
10813,02/27/2025 09:20:38,2,Output : Volume Dispensed,2500
10858,02/27/2025 09:20:42,2,Input : Substrate,"Rack 6x15 ICP robotic, Deck 16-17 Waste 1, 1, 2"
10905,02/27/2025 09:20:42,2,Input : Substrate,"Rack 6x15 ICP robotic, Deck 16-17 Waste 1, 1, 2"
12241,02/27/2025 09:21:28,5,Input : Substrate,"Rack 3x4 six Kaufmann H-cells, Deck 12-13 Heat-Cool-Stir 1, 2, 1"
12264,02/27/2025 09:21:28,5,Input : Substrate,"Rack 3x4 six Kaufmann H-cells, Deck 12-13 Heat-Cool-Stir 1, 2, 1"
12304,02/27/2025 09:21:29,5,Input : Substrate,"Rack 3x4 six Kaufmann H-cells, Deck 12-13 Heat-Cool-Stir 1, 2, 1"
12351,02/27/2025 09:21:29,5,Input : Substrate,"Rack 3x4 six Kaufmann H-cells, Deck 12-13 Heat-Cool-Stir 1, 2, 1"
12422,02/27/2025 09:21:40,5,Input : Substrate,"Rack 3x4 six Kaufmann H-cells, Deck 12-13 Heat-Cool-Stir 1, 2, 1"
12469,02/27/2025 09:21:40,5,Input : Substrate,"Rack 3x4 six Kaufmann H-cells, Deck 12-13 Heat-Cool-Stir 1, 2, 1"
12510,02/27/2025 09:21:44,5,Output : Volume Dispensed,250
12530,02/27/2025 09:21:47,5,Input : Substrate,"Rack 3x4 six Kaufmann H-cells, Deck 12-13 Heat-Cool-Stir 1, 2, 1"
12577,02/27/2025 09:21:48,5,Input : Substrate,"Rack 3x4 six Kaufmann H-cells, Deck 12-13 Heat-Cool-Stir 1, 2, 1"
14260,02/27/2025 09:22:39,3,Input : Substrate,"Rack 3x4 six Kaufmann H-cells, Deck 12-13 Heat-Cool-Stir 1, 1, 1"
14274,02/27/2025 09:22:39,3,Input : Substrate,"Rack 3x4 six Kaufmann H-cells, Deck 12-13 Heat-Cool-Stir 1, 1, 1"
14359,02/27/2025 09:22:39,3,Input : Substrate,"Rack 3x4 six Kaufmann H-cells, Deck 12-13 Heat-Cool-Stir 1, 1, 1"
14406,02/27/2025 09:22:39,3,Input : Substrate,"Rack 3x4 six Kaufmann H-cells, Deck 12-13 Heat-Cool-Stir 1, 1, 1"
14554,02/27/2025 09:23:03,3,Input : Substrate,"Rack 3x4 six Kaufmann H-cells, Deck 12-13 Heat-Cool-Stir 1, 1, 1"
14601,02/27/2025 09:23:03,3,Input : Substrate,"Rack 3x4 six Kaufmann H-cells, Deck 12-13 Heat-Cool-Stir 1, 1, 1"
14631,02/27/2025 09:23:05,3,Input : Substrate,"Rack 3x4 six Kaufmann H-cells, Deck 12-13 Heat-Cool-Stir 1, 1, 1"
14678,02/27/2025 09:23:05,3,Input : Substrate,"Rack 3x4 six Kaufmann H-cells, Deck 12-13 Heat-Cool-Stir 1, 1, 1"
14782,02/27/2025 09:23:17,3,Input : Substrate,"Rack 3x4 six Kaufmann H-cells, Deck 12-13 Heat-Cool-Stir 1, 1, 1"
14829,02/27/2025 09:23:17,3,Input : Substrate,"Rack 3x4 six Kaufmann H-cells, Deck 12-13 Heat-Cool-Stir 1, 1, 1"
14863,02/27/2025 09:23:22,3,Input : Substrate,"Rack 3x4 six Kaufmann H-cells, Deck 12-13 Heat-Cool-Stir 1, 1, 1"
14910,02/27/2025 09:23:22,3,Input : Substrate,"Rack 3x4 six Kaufmann H-cells, Deck 12-13 Heat-Cool-Stir 1, 1, 1"
15127,02/27/2025 09:23:24,3,Input : Substrate,"Rack 6x15 ICP robotic, Deck 16-17 Waste 1, 1, 3"
15150,02/27/2025 09:23:24,3,Input : Substrate,"Rack 6x15 ICP robotic, Deck 16-17 Waste 1, 1, 3"
15173,02/27/2025 09:23:25,3,Input : Substrate,"Rack 6x15 ICP robotic, Deck 16-17 Waste 1, 1, 3"
15220,02/27/2025 09:23:25,3,Input : Substrate,"Rack 6x15 ICP robotic, Deck 16-17 Waste 1, 1, 3"
15271,02/27/2025 09:23:30,3,Input : Substrate,"Rack 6x15 ICP robotic, Deck 16-17 Waste 1, 1, 3"
15318,02/27/2025 09:23:30,3,Input : Substrate,"Rack 6x15 ICP robotic, Deck 16-17 Waste 1, 1, 3"
15352,02/27/2025 09:23:34,3,Output : Volume Dispensed,250
15390,02/27/2025 09:23:38,3,Output : Volume Dispensed,2500
15435,02/27/2025 09:23:42,3,Input : Substrate,"Rack 6x15 ICP robotic, Deck 16-17 Waste 1, 1, 3"
15482,02/27/2025 09:23:42,3,Input : Substrate,"Rack 6x15 ICP robotic, Deck 16-17 Waste 1, 1, 3"
16818,02/27/2025 09:24:28,1,Input : Substrate,"Rack 3x4 six Kaufmann H-cells, Deck 12-13 Heat-Cool-Stir 1, 1, 1"
16841,02/27/2025 09:24:28,1,Input : Substrate,"Rack 3x4 six Kaufmann H-cells, Deck 12-13 Heat-Cool-Stir 1, 1, 1"
16881,02/27/2025 09:24:28,1,Input : Substrate,"Rack 3x4 six Kaufmann H-cells, Deck 12-13 Heat-Cool-Stir 1, 1, 1"
16928,02/27/2025 09:24:29,1,Input : Substrate,"Rack 3x4 six Kaufmann H-cells, Deck 12-13 Heat-Cool-Stir 1, 1, 1"
16999,02/27/2025 09:24:40,1,Input : Substrate,"Rack 3x4 six Kaufmann H-cells, Deck 12-13 Heat-Cool-Stir 1, 1, 1"
17046,02/27/2025 09:24:40,1,Input : Substrate,"Rack 3x4 six Kaufmann H-cells, Deck 12-13 Heat-Cool-Stir 1, 1, 1"
17087,02/27/2025 09:24:44,1,Output : Volume Dispensed,250
17107,02/27/2025 09:24:48,1,Input : Substrate,"Rack 3x4 six Kaufmann H-cells, Deck 12-13 Heat-Cool-Stir 1, 1, 1"
17154,02/27/2025 09:24:48,1,Input : Substrate,"Rack 3x4 six Kaufmann H-cells, Deck 12-13 Heat-Cool-Stir 1, 1, 1"
18821,02/27/2025 09:25:39,4,Input : Substrate,"Rack 3x4 six Kaufmann H-cells, Deck 12-13 Heat-Cool-Stir 1, 2, 1"
18835,02/27/2025 09:25:39,4,Input : Substrate,"Rack 3x4 six Kaufmann H-cells, Deck 12-13 Heat-Cool-Stir 1, 2, 1"
18920,02/27/2025 09:25:39,4,Input : Substrate,"Rack 3x4 six Kaufmann H-cells, Deck 12-13 Heat-Cool-Stir 1, 2, 1"
18967,02/27/2025 09:25:40,4,Input : Substrate,"Rack 3x4 six Kaufmann H-cells, Deck 12-13 Heat-Cool-Stir 1, 2, 1"
19115,02/27/2025 09:26:03,4,Input : Substrate,"Rack 3x4 six Kaufmann H-cells, Deck 12-13 Heat-Cool-Stir 1, 2, 1"
19162,02/27/2025 09:26:04,4,Input : Substrate,"Rack 3x4 six Kaufmann H-cells, Deck 12-13 Heat-Cool-Stir 1, 2, 1"
19192,02/27/2025 09:26:05,4,Input : Substrate,"Rack 3x4 six Kaufmann H-cells, Deck 12-13 Heat-Cool-Stir 1, 2, 1"
19239,02/27/2025 09:26:05,4,Input : Substrate,"Rack 3x4 six Kaufmann H-cells, Deck 12-13 Heat-Cool-Stir 1, 2, 1"
19343,02/27/2025 09:26:17,4,Input : Substrate,"Rack 3x4 six Kaufmann H-cells, Deck 12-13 Heat-Cool-Stir 1, 2, 1"
19390,02/27/2025 09:26:17,4,Input : Substrate,"Rack 3x4 six Kaufmann H-cells, Deck 12-13 Heat-Cool-Stir 1, 2, 1"
19424,02/27/2025 09:26:22,4,Input : Substrate,"Rack 3x4 six Kaufmann H-cells, Deck 12-13 Heat-Cool-Stir 1, 2, 1"
19471,02/27/2025 09:26:22,4,Input : Substrate,"Rack 3x4 six Kaufmann H-cells, Deck 12-13 Heat-Cool-Stir 1, 2, 1"
19732,02/27/2025 09:26:26,4,Input : Substrate,"Rack 6x15 ICP robotic, Deck 16-17 Waste 1, 1, 4"
19755,02/27/2025 09:26:26,4,Input : Substrate,"Rack 6x15 ICP robotic, Deck 16-17 Waste 1, 1, 4"
19778,02/27/2025 09:26:26,4,Input : Substrate,"Rack 6x15 ICP robotic, Deck 16-17 Waste 1, 1, 4"
19825,02/27/2025 09:26:26,4,Input : Substrate,"Rack 6x15 ICP robotic, Deck 16-17 Waste 1, 1, 4"
19876,02/27/2025 09:26:31,4,Input : Substrate,"Rack 6x15 ICP robotic, Deck 16-17 Waste 1, 1, 4"
19923,02/27/2025 09:26:31,4,Input : Substrate,"Rack 6x15 ICP robotic, Deck 16-17 Waste 1, 1, 4"
19957,02/27/2025 09:26:35,4,Output : Volume Dispensed,250
19995,02/27/2025 09:26:39,4,Output : Volume Dispensed,2500
20040,02/27/2025 09:26:43,4,Input : Substrate,"Rack 6x15 ICP robotic, Deck 16-17 Waste 1, 1, 4"
20087,02/27/2025 09:26:43,4,Input : Substrate,"Rack 6x15 ICP robotic, Deck 16-17 Waste 1, 1, 4"
21363,02/27/2025 09:27:28,5,Input : Substrate,"Rack 3x4 six Kaufmann H-cells, Deck 12-13 Heat-Cool-Stir 1, 2, 1"
21386,02/27/2025 09:27:29,5,Input : Substrate,"Rack 3x4 six Kaufmann H-cells, Deck 12-13 Heat-Cool-Stir 1, 2, 1"
21426,02/27/2025 09:27:29,5,Input : Substrate,"Rack 3x4 six Kaufmann H-cells, Deck 12-13 Heat-Cool-Stir 1, 2, 1"
21473,02/27/2025 09:27:29,5,Input : Substrate,"Rack 3x4 six Kaufmann H-cells, Deck 12-13 Heat-Cool-Stir 1, 2, 1"
21544,02/27/2025 09:27:40,5,Input : Substrate,"Rack 3x4 six Kaufmann H-cells, Deck 12-13 Heat-Cool-Stir 1, 2, 1"
21591,02/27/2025 09:27:41,5,Input : Substrate,"Rack 3x4 six Kaufmann H-cells, Deck 12-13 Heat-Cool-Stir 1, 2, 1"
21632,02/27/2025 09:27:44,5,Output : Volume Dispensed,250
21652,02/27/2025 09:27:48,5,Input : Substrate,"Rack 3x4 six Kaufmann H-cells, Deck 12-13 Heat-Cool-Stir 1, 2, 1"
21699,02/27/2025 09:27:48,5,Input : Substrate,"Rack 3x4 six Kaufmann H-cells, Deck 12-13 Heat-Cool-Stir 1, 2, 1"
23366,02/27/2025 09:28:39,5,Input : Substrate,"Rack 3x4 six Kaufmann H-cells, Deck 12-13 Heat-Cool-Stir 1, 1, 1"
23380,02/27/2025 09:28:39,5,Input : Substrate,"Rack 3x4 six Kaufmann H-cells, Deck 12-13 Heat-Cool-Stir 1, 1, 1"
23465,02/27/2025 09:28:40,5,Input : Substrate,"Rack 3x4 six Kaufmann H-cells, Deck 12-13 Heat-Cool-Stir 1, 1, 1"
23512,02/27/2025 09:28:40,5,Input : Substrate,"Rack 3x4 six Kaufmann H-cells, Deck 12-13 Heat-Cool-Stir 1, 1, 1"
23660,02/27/2025 09:29:04,5,Input : Substrate,"Rack 3x4 six Kaufmann H-cells, Deck 12-13 Heat-Cool-Stir 1, 1, 1"
23707,02/27/2025 09:29:04,5,Input : Substrate,"Rack 3x4 six Kaufmann H-cells, Deck 12-13 Heat-Cool-Stir 1, 1, 1"
23737,02/27/2025 09:29:05,5,Input : Substrate,"Rack 3x4 six Kaufmann H-cells, Deck 12-13 Heat-Cool-Stir 1, 1, 1"
23784,02/27/2025 09:29:06,5,Input : Substrate,"Rack 3x4 six Kaufmann H-cells, Deck 12-13 Heat-Cool-Stir 1, 1, 1"
23888,02/27/2025 09:29:17,5,Input : Substrate,"Rack 3x4 six Kaufmann H-cells, Deck 12-13 Heat-Cool-Stir 1, 1, 1"
23935,02/27/2025 09:29:17,5,Input : Substrate,"Rack 3x4 six Kaufmann H-cells, Deck 12-13 Heat-Cool-Stir 1, 1, 1"
23969,02/27/2025 09:29:22,5,Input : Substrate,"Rack 3x4 six Kaufmann H-cells, Deck 12-13 Heat-Cool-Stir 1, 1, 1"
24016,02/27/2025 09:29:23,5,Input : Substrate,"Rack 3x4 six Kaufmann H-cells, Deck 12-13 Heat-Cool-Stir 1, 1, 1"
24233,02/27/2025 09:29:25,5,Input : Substrate,"Rack 6x15 ICP robotic, Deck 16-17 Waste 1, 1, 5"
24256,02/27/2025 09:29:25,5,Input : Substrate,"Rack 6x15 ICP robotic, Deck 16-17 Waste 1, 1, 5"
24279,02/27/2025 09:29:25,5,Input : Substrate,"Rack 6x15 ICP robotic, Deck 16-17 Waste 1, 1, 5"
24326,02/27/2025 09:29:25,5,Input : Substrate,"Rack 6x15 ICP robotic, Deck 16-17 Waste 1, 1, 5"
24377,02/27/2025 09:29:30,5,Input : Substrate,"Rack 6x15 ICP robotic, Deck 16-17 Waste 1, 1, 5"
24424,02/27/2025 09:29:30,5,Input : Substrate,"Rack 6x15 ICP robotic, Deck 16-17 Waste 1, 1, 5"
24458,02/27/2025 09:29:34,5,Output : Volume Dispensed,250
24496,02/27/2025 09:29:38,5,Output : Volume Dispensed,2500
24541,02/27/2025 09:29:42,5,Input : Substrate,"Rack 6x15 ICP robotic, Deck 16-17 Waste 1, 1, 5"
24588,02/27/2025 09:29:42,5,Input : Substrate,"Rack 6x15 ICP robotic, Deck 16-17 Waste 1, 1, 5"
25924,02/27/2025 09:30:28,1,Input : Substrate,"Rack 3x4 six Kaufmann H-cells, Deck 12-13 Heat-Cool-Stir 1, 1, 1"
25947,02/27/2025 09:30:28,1,Input : Substrate,"Rack 3x4 six Kaufmann H-cells, Deck 12-13 Heat-Cool-Stir 1, 1, 1"
25987,02/27/2025 09:30:28,1,Input : Substrate,"Rack 3x4 six Kaufmann H-cells, Deck 12-13 Heat-Cool-Stir 1, 1, 1"
26034,02/27/2025 09:30:29,1,Input : Substrate,"Rack 3x4 six Kaufmann H-cells, Deck 12-13 Heat-Cool-Stir 1, 1, 1"
26105,02/27/2025 09:30:40,1,Input : Substrate,"Rack 3x4 six Kaufmann H-cells, Deck 12-13 Heat-Cool-Stir 1, 1, 1"
26152,02/27/2025 09:30:40,1,Input : Substrate,"Rack 3x4 six Kaufmann H-cells, Deck 12-13 Heat-Cool-Stir 1, 1, 1"
26193,02/27/2025 09:30:44,1,Output : Volume Dispensed,250
26213,02/27/2025 09:30:47,1,Input : Substrate,"Rack 3x4 six Kaufmann H-cells, Deck 12-13 Heat-Cool-Stir 1, 1, 1"
26260,02/27/2025 09:30:47,1,Input : Substrate,"Rack 3x4 six Kaufmann H-cells, Deck 12-13 Heat-Cool-Stir 1, 1, 1"
27943,02/27/2025 09:31:38,6,Input : Substrate,"Rack 3x4 six Kaufmann H-cells, Deck 12-13 Heat-Cool-Stir 1, 2, 1"
27957,02/27/2025 09:31:38,6,Input : Substrate,"Rack 3x4 six Kaufmann H-cells, Deck 12-13 Heat-Cool-Stir 1, 2, 1"
28042,02/27/2025 09:31:39,6,Input : Substrate,"Rack 3x4 six Kaufmann H-cells, Deck 12-13 Heat-Cool-Stir 1, 2, 1"
28089,02/27/2025 09:31:39,6,Input : Substrate,"Rack 3x4 six Kaufmann H-cells, Deck 12-13 Heat-Cool-Stir 1, 2, 1"
28237,02/27/2025 09:32:03,6,Input : Substrate,"Rack 3x4 six Kaufmann H-cells, Deck 12-13 Heat-Cool-Stir 1, 2, 1"
28284,02/27/2025 09:32:03,6,Input : Substrate,"Rack 3x4 six Kaufmann H-cells, Deck 12-13 Heat-Cool-Stir 1, 2, 1"
28314,02/27/2025 09:32:05,6,Input : Substrate,"Rack 3x4 six Kaufmann H-cells, Deck 12-13 Heat-Cool-Stir 1, 2, 1"
28361,02/27/2025 09:32:05,6,Input : Substrate,"Rack 3x4 six Kaufmann H-cells, Deck 12-13 Heat-Cool-Stir 1, 2, 1"
28465,02/27/2025 09:32:16,6,Input : Substrate,"Rack 3x4 six Kaufmann H-cells, Deck 12-13 Heat-Cool-Stir 1, 2, 1"
28512,02/27/2025 09:32:17,6,Input : Substrate,"Rack 3x4 six Kaufmann H-cells, Deck 12-13 Heat-Cool-Stir 1, 2, 1"
28546,02/27/2025 09:32:22,6,Input : Substrate,"Rack 3x4 six Kaufmann H-cells, Deck 12-13 Heat-Cool-Stir 1, 2, 1"
28593,02/27/2025 09:32:22,6,Input : Substrate,"Rack 3x4 six Kaufmann H-cells, Deck 12-13 Heat-Cool-Stir 1, 2, 1"
28810,02/27/2025 09:32:24,6,Input : Substrate,"Rack 6x15 ICP robotic, Deck 16-17 Waste 1, 1, 6"
28833,02/27/2025 09:32:24,6,Input : Substrate,"Rack 6x15 ICP robotic, Deck 16-17 Waste 1, 1, 6"
28856,02/27/2025 09:32:24,6,Input : Substrate,"Rack 6x15 ICP robotic, Deck 16-17 Waste 1, 1, 6"
28903,02/27/2025 09:32:24,6,Input : Substrate,"Rack 6x15 ICP robotic, Deck 16-17 Waste 1, 1, 6"
28954,02/27/2025 09:32:29,6,Input : Substrate,"Rack 6x15 ICP robotic, Deck 16-17 Waste 1, 1, 6"
29001,02/27/2025 09:32:29,6,Input : Substrate,"Rack 6x15 ICP robotic, Deck 16-17 Waste 1, 1, 6"
29035,02/27/2025 09:32:33,6,Output : Volume Dispensed,250
29073,02/27/2025 09:32:37,6,Output : Volume Dispensed,2500
29118,02/27/2025 09:32:41,6,Input : Substrate,"Rack 6x15 ICP robotic, Deck 16-17 Waste 1, 1, 6"
29165,02/27/2025 09:32:41,6,Input : Substrate,"Rack 6x15 ICP robotic, Deck 16-17 Waste 1, 1, 6"
30485,02/27/2025 09:33:28,5,Input : Substrate,"Rack 3x4 six Kaufmann H-cells, Deck 12-13 Heat-Cool-Stir 1, 2, 1"
30508,02/27/2025 09:33:28,5,Input : Substrate,"Rack 3x4 six Kaufmann H-cells, Deck 12-13 Heat-Cool-Stir 1, 2, 1"
30548,02/27/2025 09:33:28,5,Input : Substrate,"Rack 3x4 six Kaufmann H-cells, Deck 12-13 Heat-Cool-Stir 1, 2, 1"
30595,02/27/2025 09:33:28,5,Input : Substrate,"Rack 3x4 six Kaufmann H-cells, Deck 12-13 Heat-Cool-Stir 1, 2, 1"
30666,02/27/2025 09:33:40,5,Input : Substrate,"Rack 3x4 six Kaufmann H-cells, Deck 12-13 Heat-Cool-Stir 1, 2, 1"
30713,02/27/2025 09:33:40,5,Input : Substrate,"Rack 3x4 six Kaufmann H-cells, Deck 12-13 Heat-Cool-Stir 1, 2, 1"
30754,02/27/2025 09:33:43,5,Output : Volume Dispensed,250
30774,02/27/2025 09:33:47,5,Input : Substrate,"Rack 3x4 six Kaufmann H-cells, Deck 12-13 Heat-Cool-Stir 1, 2, 1"
30821,02/27/2025 09:33:47,5,Input : Substrate,"Rack 3x4 six Kaufmann H-cells, Deck 12-13 Heat-Cool-Stir 1, 2, 1"
