index,timestamp,well,name,value
2700,03/05/2025 14:30:28,3,Input : Substrate,"Rack 2x4 20mL Vial, Deck 10-11 Position 2, 1, 1"
2714,03/05/2025 14:30:28,3,Input : Substrate,"Rack 2x4 20mL Vial, Deck 10-11 Position 2, 1, 1"
2775,03/05/2025 14:30:28,3,Input : Substrate,"Rack 2x4 20mL Vial, Deck 10-11 Position 2, 1, 1"
2822,03/05/2025 14:30:28,3,Input : Substrate,"Rack 2x4 20mL Vial, Deck 10-11 Position 2, 1, 1"
2923,03/05/2025 14:30:34,3,Input : Substrate,"Rack 2x4 20mL Vial, Deck 10-11 Position 2, 1, 1"
2970,03/05/2025 14:30:34,3,Input : Substrate,"Rack 2x4 20mL Vial, Deck 10-11 Position 2, 1, 1"
3000,03/05/2025 14:30:36,3,Input : Substrate,"Rack 2x4 20mL Vial, Deck 10-11 Position 2, 1, 1"
3047,03/05/2025 14:30:36,3,Input : Substrate,"Rack 2x4 20mL Vial, Deck 10-11 Position 2, 1, 1"
3151,03/05/2025 14:31:02,3,Input : Substrate,"Rack 2x4 20mL Vial, Deck 10-11 Position 2, 1, 1"
3198,03/05/2025 14:31:03,3,Input : Substrate,"Rack 2x4 20mL Vial, Deck 10-11 Position 2, 1, 1"
3232,03/05/2025 14:31:07,3,Input : Substrate,"Rack 2x4 20mL Vial, Deck 10-11 Position 2, 1, 1"
3279,03/05/2025 14:31:07,3,Input : Substrate,"Rack 2x4 20mL Vial, Deck 10-11 Position 2, 1, 1"
3559,03/05/2025 14:31:11,3,Input : Substrate,"Rack 3x4 six Kaufmann H-cells, Deck 12-13 Heat-Cool-Stir 1, 1, 3"
3582,03/05/2025 14:31:11,3,Input : Substrate,"Rack 3x4 six Kaufmann H-cells, Deck 12-13 Heat-Cool-Stir 1, 1, 3"
3605,03/05/2025 14:31:11,3,Input : Substrate,"Rack 3x4 six Kaufmann H-cells, Deck 12-13 Heat-Cool-Stir 1, 1, 3"
3652,03/05/2025 14:31:11,3,Input : Substrate,"Rack 3x4 six Kaufmann H-cells, Deck 12-13 Heat-Cool-Stir 1, 1, 3"
3695,03/05/2025 14:31:16,3,Input : Substrate,"Rack 3x4 six Kaufmann H-cells, Deck 12-13 Heat-Cool-Stir 1, 1, 3"
3742,03/05/2025 14:31:16,3,Input : Substrate,"Rack 3x4 six Kaufmann H-cells, Deck 12-13 Heat-Cool-Stir 1, 1, 3"
3776,03/05/2025 14:31:24,3,Output : Volume Dispensed,1000
3799,03/05/2025 14:31:28,3,Input : Substrate,"Rack 3x4 six Kaufmann H-cells, Deck 12-13 Heat-Cool-Stir 1, 1, 3"
3846,03/05/2025 14:31:28,3,Input : Substrate,"Rack 3x4 six Kaufmann H-cells, Deck 12-13 Heat-Cool-Stir 1, 1, 3"
5265,03/05/2025 14:32:14,7,Input : Substrate,"Rack 2x4 20mL Vial, Deck 10-11 Position 2, 1, 2"
5279,03/05/2025 14:32:14,7,Input : Substrate,"Rack 2x4 20mL Vial, Deck 10-11 Position 2, 1, 2"
5340,03/05/2025 14:32:15,7,Input : Substrate,"Rack 2x4 20mL Vial, Deck 10-11 Position 2, 1, 2"
5387,03/05/2025 14:32:15,7,Input : Substrate,"Rack 2x4 20mL Vial, Deck 10-11 Position 2, 1, 2"
5488,03/05/2025 14:32:21,7,Input : Substrate,"Rack 2x4 20mL Vial, Deck 10-11 Position 2, 1, 2"
5535,03/05/2025 14:32:21,7,Input : Substrate,"Rack 2x4 20mL Vial, Deck 10-11 Position 2, 1, 2"
5565,03/05/2025 14:32:22,7,Input : Substrate,"Rack 2x4 20mL Vial, Deck 10-11 Position 2, 1, 2"
5612,03/05/2025 14:32:23,7,Input : Substrate,"Rack 2x4 20mL Vial, Deck 10-11 Position 2, 1, 2"
5716,03/05/2025 14:32:49,7,Input : Substrate,"Rack 2x4 20mL Vial, Deck 10-11 Position 2, 1, 2"
5763,03/05/2025 14:32:49,7,Input : Substrate,"Rack 2x4 20mL Vial, Deck 10-11 Position 2, 1, 2"
5797,03/05/2025 14:32:54,7,Input : Substrate,"Rack 2x4 20mL Vial, Deck 10-11 Position 2, 1, 2"
5844,03/05/2025 14:32:54,7,Input : Substrate,"Rack 2x4 20mL Vial, Deck 10-11 Position 2, 1, 2"
6124,03/05/2025 14:32:57,7,Input : Substrate,"Rack 3x4 six Kaufmann H-cells, Deck 12-13 Heat-Cool-Stir 1, 2, 3"
6147,03/05/2025 14:32:57,7,Input : Substrate,"Rack 3x4 six Kaufmann H-cells, Deck 12-13 Heat-Cool-Stir 1, 2, 3"
6170,03/05/2025 14:32:58,7,Input : Substrate,"Rack 3x4 six Kaufmann H-cells, Deck 12-13 Heat-Cool-Stir 1, 2, 3"
6217,03/05/2025 14:32:58,7,Input : Substrate,"Rack 3x4 six Kaufmann H-cells, Deck 12-13 Heat-Cool-Stir 1, 2, 3"
6260,03/05/2025 14:33:02,7,Input : Substrate,"Rack 3x4 six Kaufmann H-cells, Deck 12-13 Heat-Cool-Stir 1, 2, 3"
6307,03/05/2025 14:33:02,7,Input : Substrate,"Rack 3x4 six Kaufmann H-cells, Deck 12-13 Heat-Cool-Stir 1, 2, 3"
6341,03/05/2025 14:33:11,7,Output : Volume Dispensed,1000
6364,03/05/2025 14:33:15,7,Input : Substrate,"Rack 3x4 six Kaufmann H-cells, Deck 12-13 Heat-Cool-Stir 1, 2, 3"
6411,03/05/2025 14:33:15,7,Input : Substrate,"Rack 3x4 six Kaufmann H-cells, Deck 12-13 Heat-Cool-Stir 1, 2, 3"
